,ERBB2,EGFR,MET,FGFR2,CCNE1,CCND1,CDK6,TP53,CDH1,ARHGAP26,MOLECULAR_SUBTYPE
TCGA-BR-4183-01,-1,1,0,1,-1,0,0,-1,-1,-1,CIN
TCGA-BR-4187-01,0,1,1,2,0,0,1,0,1,0,GS
TCGA-BR-4188-01,0,0,0,0,0,0,0,0,0,0,GS
TCGA-BR-4191-01,0,1,1,1,0,0,1,0,0,0,CIN
TCGA-BR-4255-01,0,-1,-1,1,0,0,0,0,-1,0,CIN
TCGA-BR-4267-01,0,0,0,0,0,0,0,-1,0,0,CIN
TCGA-BR-4279-01,0,0,0,-1,0,-1,0,0,-1,0,GS
TCGA-BR-4294-01,-1,0,0,0,0,-1,0,-1,-1,0,CIN
TCGA-BR-4357-01,2,0,1,0,2,1,1,1,-1,0,CIN
TCGA-BR-4366-01,1,0,0,1,2,1,0,0,-1,0,CIN
TCGA-BR-4367-01,-1,1,1,-1,1,1,1,-1,0,-1,CIN
TCGA-BR-4369-01,2,2,-1,-1,1,1,1,1,1,0,CIN
TCGA-BR-4371-01,0,1,1,0,1,0,1,0,0,0,GS
TCGA-BR-6453-01,0,0,0,0,0,0,0,0,0,0,GS
TCGA-BR-6454-01,1,1,0,0,2,2,2,-1,1,0,CIN
TCGA-BR-6456-01,-1,1,1,1,1,1,1,-1,-1,1,CIN
TCGA-BR-6457-01,0,0,0,2,0,2,0,0,0,0,GS
TCGA-BR-6458-01,-1,2,0,-1,1,0,2,-1,0,-1,CIN
TCGA-BR-6563-01,0,0,0,0,0,0,0,0,0,0,GS
TCGA-BR-6564-01,0,0,-1,1,0,0,2,0,-1,0,CIN
TCGA-BR-6565-01,2,1,1,0,-1,0,1,-1,1,-1,CIN
TCGA-BR-6705-01,0,1,1,0,0,0,1,0,0,0,GS
TCGA-BR-6710-01,0,0,0,0,0,0,0,0,0,0,GS
TCGA-BR-6801-01,0,1,1,0,0,0,1,0,0,0,GS
TCGA-BR-6803-01,0,0,0,2,0,0,0,0,0,0,GS
TCGA-BR-7197-01,1,1,1,1,1,0,1,-1,1,-1,CIN
TCGA-BR-7715-01,2,1,1,1,2,0,1,-1,-1,-1,CIN
TCGA-BR-7716-01,0,0,2,1,2,0,0,0,-1,-1,CIN
TCGA-BR-7717-01,1,2,0,0,0,2,0,-2,0,0,CIN
TCGA-BR-7722-01,0,0,0,0,0,0,0,0,0,0,GS
TCGA-BR-7723-01,0,0,-1,-1,2,-1,0,-1,-1,0,CIN
TCGA-BR-7901-01,0,1,0,-1,2,1,0,0,-1,-1,CIN
TCGA-BR-7957-01,0,0,0,0,0,0,0,0,0,0,GS
TCGA-BR-7959-01,2,1,1,0,0,0,1,-1,-1,-1,CIN
TCGA-BR-8058-01,0,0,0,0,0,2,0,0,0,0,GS
TCGA-BR-8077-01,1,1,0,1,1,1,-1,-1,1,0,CIN
TCGA-BR-8080-01,0,0,0,2,0,1,0,-1,-1,0,CIN
TCGA-BR-8286-01,1,-1,1,1,1,0,-1,-1,-1,-1,CIN
TCGA-BR-8289-01,2,0,0,1,2,-1,0,-1,-1,-1,CIN
TCGA-BR-8291-01,-1,0,0,-1,1,0,0,-1,-1,0,CIN
TCGA-BR-8295-01,0,1,1,0,0,0,1,0,-1,-1,CIN
TCGA-BR-8296-01,1,1,1,2,0,1,1,-1,0,0,CIN
TCGA-BR-8297-01,0,1,1,1,0,0,1,0,0,0,CIN
TCGA-BR-8362-01,0,2,1,0,0,0,1,-1,0,0,GS
TCGA-BR-8364-01,0,0,0,0,0,0,0,0,0,0,GS
TCGA-BR-8365-01,0,1,2,0,0,2,1,0,-1,1,CIN
TCGA-BR-8367-01,0,0,0,0,0,0,0,0,0,1,GS
TCGA-BR-8369-01,1,0,-1,-1,-1,0,-1,-1,0,-1,CIN
TCGA-BR-8370-01,0,1,1,0,1,0,1,0,0,0,GS
TCGA-BR-8371-01,0,0,0,0,0,0,0,0,0,0,GS
TCGA-BR-8373-01,1,1,1,0,1,0,1,-1,-1,-1,CIN
TCGA-BR-8380-01,0,0,0,0,0,0,0,0,0,0,GS
TCGA-BR-8384-01,0,0,0,0,0,0,0,0,0,0,GS
TCGA-BR-8483-01,2,1,1,-1,0,0,1,-1,0,-1,CIN
TCGA-BR-8484-01,-1,0,0,-1,0,0,2,-1,-1,0,CIN
TCGA-BR-8485-01,-1,0,0,-1,1,1,0,0,-1,0,CIN
TCGA-BR-8486-01,1,1,1,-1,0,-1,1,0,1,0,CIN
TCGA-BR-8588-01,0,0,0,0,0,0,0,0,0,0,GS
TCGA-BR-8590-01,2,0,0,0,2,0,0,0,0,0,GS
TCGA-BR-8592-01,0,0,0,0,0,0,0,0,0,0,GS
TCGA-BR-8677-01,0,0,0,0,0,0,0,0,-1,0,GS
TCGA-BR-8678-01,0,-1,-1,0,1,1,-1,-1,-1,-1,CIN
TCGA-BR-8679-01,0,1,1,0,0,1,1,-1,-1,0,CIN
TCGA-BR-8680-01,0,0,0,0,0,0,0,0,0,0,GS
TCGA-BR-8682-01,1,1,1,1,0,0,1,-1,0,0,CIN
TCGA-BR-8683-01,-1,1,1,-1,-1,0,1,-1,0,-1,CIN
TCGA-BR-8687-01,0,1,0,0,-1,2,0,0,-1,-1,CIN
TCGA-BR-8690-01,1,1,1,0,1,0,1,-1,0,-1,CIN
TCGA-BR-A44T-01,0,0,0,0,0,0,0,0,0,0,GS
TCGA-BR-A44U-01,2,1,1,0,0,0,1,-1,0,0,CIN
TCGA-BR-A452-01,-1,0,1,0,0,0,0,-1,1,-1,CIN
TCGA-BR-A453-01,0,0,0,0,1,0,0,0,0,0,GS
TCGA-BR-A4CQ-01,1,1,0,-1,0,1,-1,-1,0,-1,CIN
TCGA-BR-A4CR-01,0,0,0,-1,1,0,0,0,-1,-1,CIN
TCGA-BR-A4CS-01,1,1,-1,0,-1,1,-1,-1,1,-1,CIN
TCGA-BR-A4IU-01,0,0,0,0,0,0,0,0,0,0,GS
TCGA-BR-A4IV-01,0,0,0,0,0,0,0,0,0,0,GS
TCGA-BR-A4IY-01,1,1,1,0,0,1,1,0,0,0,CIN
TCGA-BR-A4IZ-01,0,0,0,0,0,0,0,0,0,0,GS
TCGA-BR-A4J1-01,1,1,1,1,-1,-1,1,-1,-1,-1,CIN
TCGA-BR-A4J2-01,0,2,1,0,0,0,1,0,0,0,GS
TCGA-BR-A4J5-01,0,0,0,0,0,0,0,0,1,0,GS
TCGA-BR-A4J6-01,0,0,0,0,0,-1,0,0,0,0,GS
TCGA-BR-A4J7-01,0,1,0,1,0,0,0,0,0,0,GS
TCGA-BR-A4J8-01,-1,1,1,0,1,-1,1,-1,1,0,CIN
TCGA-BR-A4J9-01,0,0,0,0,0,0,0,0,0,0,GS
TCGA-BR-A4PD-01,0,1,1,0,1,0,2,-1,-1,1,CIN
TCGA-BR-A4PE-01,2,1,1,0,0,0,2,-1,0,-1,CIN
TCGA-BR-A4PF-01,-1,0,-1,1,-1,1,1,-1,-1,0,CIN
TCGA-BR-A4QI-01,2,2,1,-1,2,1,0,1,1,-1,CIN
TCGA-BR-A4QM-01,0,0,0,0,0,0,0,0,0,0,GS
TCGA-CD-5798-01,0,0,0,0,0,0,0,0,0,0,GS
TCGA-CD-5799-01,2,1,0,-1,-1,2,2,-1,0,0,CIN
TCGA-CD-5800-01,2,0,0,0,2,-1,0,-1,-1,-1,CIN
TCGA-CD-5802-01,0,0,0,-1,2,-1,0,0,-1,-1,CIN
TCGA-CD-5803-01,0,0,0,0,0,0,0,0,-2,0,GS
TCGA-CD-5804-01,2,1,1,0,0,0,1,0,0,1,CIN
TCGA-CD-8524-01,-1,0,-1,-1,1,0,0,-1,-1,-1,CIN
TCGA-CD-8525-01,1,0,0,1,2,1,0,-1,-1,-1,CIN
TCGA-CD-8526-01,0,1,0,-1,1,0,0,0,-1,-1,CIN
TCGA-CD-8527-01,0,0,-1,2,-1,-1,2,-1,0,0,CIN
TCGA-CD-8528-01,-1,2,2,-1,0,1,2,-1,1,-1,CIN
TCGA-CD-8529-01,1,1,1,0,0,0,1,-1,1,0,CIN
TCGA-CD-8530-01,0,1,1,1,1,0,1,0,-1,0,CIN
TCGA-CD-8531-01,0,0,0,0,0,0,0,0,0,0,GS
TCGA-CD-8532-01,0,0,0,0,0,2,0,0,0,0,GS
TCGA-CD-8534-01,0,2,-1,0,0,2,2,0,-1,0,CIN
TCGA-CD-8535-01,0,1,0,0,2,1,1,-1,0,-1,CIN
TCGA-CD-A486-01,2,2,-1,-1,2,0,2,-1,-1,0,CIN
TCGA-CD-A487-01,1,0,0,0,2,1,1,1,-2,1,CIN
TCGA-CD-A489-01,2,0,-1,0,-1,-1,0,-1,0,-1,CIN
TCGA-CD-A48A-01,1,0,1,-1,1,-1,1,-1,0,0,CIN
TCGA-CD-A48C-01,-1,1,1,0,1,2,2,-1,0,0,CIN
TCGA-CD-A4MH-01,0,1,1,-1,1,1,1,-1,-1,-1,CIN
TCGA-CG-4300-01,2,1,1,1,-1,1,1,-1,0,0,CIN
TCGA-CG-4301-01,2,0,-1,0,0,-1,2,-1,0,0,CIN
TCGA-CG-4304-01,0,1,1,1,-1,0,1,-1,0,-1,CIN
TCGA-CG-4436-01,1,1,1,-1,0,0,2,-1,-1,-1,CIN
TCGA-CG-4437-01,0,0,0,0,0,0,0,-1,-1,0,CIN
TCGA-CG-4438-01,0,0,2,0,1,1,2,-1,1,-1,CIN
TCGA-CG-4440-01,1,1,2,0,-1,0,1,-1,0,0,CIN
TCGA-CG-4441-01,0,0,1,0,0,0,1,0,0,-2,CIN
TCGA-CG-4443-01,0,0,0,1,0,-1,-1,-1,0,-1,CIN
TCGA-CG-4444-01,2,0,0,-1,2,1,0,-1,-1,-1,CIN
TCGA-CG-4449-01,2,0,-1,2,2,2,0,-1,-1,-1,CIN
TCGA-CG-4455-01,1,0,-1,-1,0,2,2,1,-1,1,CIN
TCGA-CG-4462-01,0,0,0,0,0,0,0,0,1,0,GS
TCGA-CG-4466-01,2,1,1,-1,-1,0,2,0,0,-1,CIN
TCGA-CG-4469-01,0,1,1,2,0,0,1,-1,0,0,CIN
TCGA-CG-4472-01,0,1,0,1,0,1,2,0,1,0,CIN
TCGA-CG-4474-01,0,1,1,0,1,0,1,0,0,0,GS
TCGA-CG-4475-01,1,1,-1,-1,1,0,1,-1,-1,0,CIN
TCGA-CG-4476-01,0,1,1,0,-1,1,1,0,-1,1,CIN
TCGA-CG-4477-01,0,-1,0,0,0,-1,-1,-1,-1,-1,CIN
TCGA-CG-5717-01,0,0,0,0,0,0,0,0,0,0,GS
TCGA-CG-5718-01,0,1,1,2,0,0,1,1,-1,-1,CIN
TCGA-CG-5719-01,1,0,0,0,0,0,0,-1,1,0,CIN
TCGA-CG-5720-01,0,0,0,0,0,0,0,0,0,0,GS
TCGA-CG-5724-01,2,1,2,0,-1,2,1,1,-1,0,CIN
TCGA-CG-5727-01,-1,1,1,0,0,0,1,-1,0,0,GS
TCGA-CG-5730-01,2,0,0,1,1,0,0,-1,1,0,CIN
TCGA-CG-5732-01,1,0,0,1,-1,0,0,-1,0,0,CIN
TCGA-CG-5734-01,0,1,0,0,0,0,0,0,0,0,GS
TCGA-D7-5578-01,0,1,1,0,1,-1,1,0,0,0,CIN
TCGA-D7-5579-01,-1,1,1,0,2,-1,1,-1,-1,-1,CIN
TCGA-D7-6518-01,0,1,1,-1,1,0,1,0,0,0,CIN
TCGA-D7-6519-01,-1,0,-1,2,0,0,0,-1,-1,-1,CIN
TCGA-D7-6520-01,0,2,1,2,1,0,1,-1,0,-1,CIN
TCGA-D7-6521-01,1,1,2,-1,1,0,1,-1,1,0,CIN
TCGA-D7-6522-01,0,0,0,0,0,0,0,0,0,0,GS
TCGA-D7-6524-01,0,0,0,0,0,0,0,0,0,0,GS
TCGA-D7-6525-01,1,0,2,0,0,0,2,-1,0,0,CIN
TCGA-D7-6526-01,2,1,2,1,2,0,1,-1,-1,-1,CIN
TCGA-D7-6527-01,1,0,1,-1,2,-1,1,-1,0,-1,CIN
TCGA-D7-6528-01,-1,1,1,1,2,-1,1,-1,-1,1,CIN
TCGA-D7-6815-01,2,1,-1,-1,0,-1,1,-1,0,-1,CIN
TCGA-D7-6817-01,1,0,1,-1,-1,0,1,-1,-1,-1,CIN
TCGA-D7-6818-01,0,-2,0,1,2,0,0,0,-2,0,CIN
TCGA-D7-6820-01,2,1,-1,0,-1,0,-1,-1,0,0,CIN
TCGA-D7-6822-01,1,1,0,0,1,0,0,0,1,-1,CIN
TCGA-D7-8572-01,0,0,0,1,0,0,0,0,0,0,GS
TCGA-D7-8574-01,0,1,1,0,0,0,1,0,0,0,GS
TCGA-D7-8575-01,0,2,-1,0,0,1,-1,0,-1,0,CIN
TCGA-D7-8576-01,1,1,2,-1,0,1,1,-1,1,1,CIN
TCGA-D7-8578-01,0,1,1,-1,1,0,1,0,0,0,CIN
TCGA-D7-8579-01,2,1,1,0,0,0,1,0,0,0,GS
TCGA-D7-A4YT-01,2,0,0,2,0,-1,0,0,-1,0,CIN
TCGA-D7-A4YU-01,1,1,1,1,0,0,1,-1,0,0,CIN
TCGA-D7-A4Z0-01,0,0,0,0,0,0,0,0,0,0,GS
TCGA-EQ-5647-01,1,0,0,1,2,0,0,1,0,1,CIN
TCGA-EQ-8122-01,2,0,0,1,1,1,0,-1,1,-1,CIN
TCGA-EQ-A4SO-01,0,0,-1,-1,1,0,0,-1,-1,-1,CIN
TCGA-F1-6875-01,1,1,1,1,1,1,1,-1,-1,-1,CIN
TCGA-FP-7735-01,2,1,1,1,1,0,1,0,1,0,CIN
TCGA-FP-7829-01,0,1,-1,0,0,0,1,-1,0,0,CIN
TCGA-FP-8099-01,0,2,1,2,-1,2,1,-1,1,1,CIN
TCGA-FP-8209-01,0,0,0,0,0,0,0,0,0,0,GS
TCGA-FP-8210-01,0,0,0,0,0,0,0,0,0,0,GS
TCGA-FP-8211-01,0,0,0,-1,0,0,0,-1,0,0,CIN
TCGA-FP-8631-01,2,1,2,-1,2,1,1,0,-1,0,CIN
TCGA-FP-A4BF-01,0,2,0,-1,2,0,0,-1,0,-1,CIN
TCGA-HF-7133-01,0,-1,0,0,2,1,0,-1,-1,0,CIN
TCGA-HF-7136-01,-1,1,-1,0,1,1,-1,1,-1,-1,CIN
TCGA-HU-8243-01,2,2,1,-1,-2,1,1,0,-1,-1,CIN
TCGA-HU-8245-01,1,0,0,0,1,0,0,-1,-1,-1,CIN
TCGA-HU-8249-01,-1,1,0,-1,1,-1,0,-1,1,-1,CIN
TCGA-HU-8604-01,1,0,0,-1,1,0,0,-1,-1,0,CIN
TCGA-HU-8610-01,0,0,0,1,0,2,0,0,-1,-1,CIN
TCGA-HU-A4G3-01,0,0,0,0,0,0,0,0,0,0,GS
TCGA-HU-A4GC-01,0,1,0,0,0,2,-2,0,0,-2,CIN
TCGA-HU-A4GD-01,1,-1,-1,0,1,-1,-1,-1,0,-1,CIN
TCGA-HU-A4GF-01,2,1,1,0,2,0,1,1,0,0,CIN
TCGA-HU-A4GH-01,2,1,-1,-1,2,0,-1,-1,-1,-1,CIN
TCGA-HU-A4GP-01,-1,1,1,0,-1,0,1,-1,-1,-1,CIN
TCGA-HU-A4GY-01,0,0,0,2,0,2,0,0,-1,0,GS
TCGA-HU-A4H2-01,1,1,-1,0,2,0,2,-1,-1,0,CIN
TCGA-HU-A4H5-01,0,0,0,1,1,1,0,-1,-1,0,CIN
TCGA-HU-A4H6-01,0,0,-1,2,-1,2,-1,0,-1,-1,CIN
TCGA-HU-A4HD-01,2,1,-1,-1,2,1,-1,-1,-1,-1,CIN
TCGA-IN-7806-01,0,0,0,0,0,0,0,-1,0,-1,CIN
TCGA-IN-7808-01,0,1,1,0,1,-2,1,0,0,0,CIN
TCGA-IN-8462-01,1,2,-1,-1,0,0,-1,-1,0,-1,CIN
TCGA-IN-8663-01,-1,1,-1,1,0,1,2,-1,0,-1,CIN
TCGA-IP-7968-01,1,0,0,0,0,0,0,-1,0,-1,CIN
