TF,Mean_Act_CIN,Mean_Act_GS,Delta_Activity,p_value,q_value
E2F3,0.48139131066737256,-1.576010973246787,2.0574022839141595,1.1854947933084986e-13,2.1163549757996584e-11
E2F2,0.18283957822382563,-2.2687385278662577,2.4515781060900834,1.2710840695493445e-13,2.1163549757996584e-11
GLI1,-0.2630290479388797,0.7286733468466479,-0.9917023947855276,2.1630582776524775e-13,2.40099468819425e-11
E2F4,0.11457064690552021,-5.545337470665822,5.659908117571342,1.210000983182418e-12,9.417869798497964e-11
TFDP1,0.5702391924275931,-2.4305857598980443,3.0008249523256376,1.4140945643390336e-12,9.417869798497964e-11
EBF1,-0.334547868079661,2.76818231802989,-3.102730186109551,2.804642115906824e-12,1.5565763743282875e-10
MEF2C,-0.5278721670446176,1.9084457814209868,-2.4363179484656046,9.246054046008647e-12,4.3984799961726846e-10
NR2C2,1.285033930788062,-1.3737329483162284,2.6587668791042907,1.866101533212025e-11,7.767647631995054e-10
TP53,-0.9941914062691959,1.8972094703394478,-2.8914008766086434,4.136894468070932e-11,1.5306509531862447e-09
THAP11,0.7615877949638392,-1.1285213884396006,1.8901091834034398,6.256061461764117e-11,2.083268466767451e-09
PKNOX1,-0.2371262352202334,1.0876674726562927,-1.3247937078765262,1.3865352894726964e-10,4.19742046722189e-09
ATF6,0.14107939737678327,-1.062440557952557,1.2035199553293403,1.629563019052787e-10,4.522037377871484e-09
DNMT1,0.12476413888979081,-0.8422159288081955,0.9669800676979863,2.85450139800919e-10,7.2068246891196765e-09
STAT5B,-0.4335038673545532,1.8555725284566,-2.2890763958111533,3.0298962656959604e-10,7.2068246891196765e-09
IRF4,-0.7717351680916431,1.6379158955857192,-2.4096510636773623,4.241264312894867e-10,9.415606774626605e-09
PRDM1,-0.2338829571344484,1.0413791217089388,-1.275262078843387,7.196023434351583e-10,1.4976723772744234e-08
SIX2,-0.049244729686354655,1.81655856306762,-1.8658032927539747,9.440336728869171e-10,1.849195371007902e-08
SOX10,-0.14006756372289714,1.437837861407582,-1.5779054251304792,3.375065516575217e-09,6.243871205664151e-08
YBX1,0.30350136046522824,1.2565461904918873,-0.9530448300266591,3.846341162961117e-09,6.7412189856108e-08
SPI1,-1.34746693893951,3.379776210171784,-4.727243149111294,4.381436392271134e-09,7.210539822648519e-08
TAL1,-0.6108405124619206,4.009643467517201,-4.620483979979121,4.54718727554411e-09,7.210539822648519e-08
FOXO1,-0.11140422916383468,2.1091670276006393,-2.220571256764474,4.897193836170175e-09,7.412570670203039e-08
RUNX1,-0.6663879696441789,2.9155780881278126,-3.5819660577719916,1.096366601601795e-08,1.5873481666669468e-07
TP73,-0.40085428687615526,0.49771538911075164,-0.8985696759869068,1.3134679376496581e-08,1.7408970354296837e-07
SPIB,-0.44917455079290913,1.3890261735220963,-1.8382007243150054,1.3616455434570304e-08,1.7408970354296837e-07
TCF7,-0.47663769132012435,0.9437142387944062,-1.4203519301145304,1.3616455434570304e-08,1.7408970354296837e-07
MEF2A,-0.3126421016628346,3.007513921930693,-3.3201560235935275,1.4115381368348788e-08,1.7408970354296837e-07
TEAD4,-0.12063445065785555,1.8342304347348966,-1.9548648853927522,1.9831871250110645e-08,2.358576116531016e-07
MEF2B,0.009390461035214848,1.1884326947717214,-1.1790422337365065,2.1294521827214794e-08,2.445198540849147e-07
ERG,0.05756663894553843,2.2097921320990235,-2.152225493153485,2.286166985656283e-08,2.537645354078474e-07
EOMES,-0.17701834085085288,1.5206603130873484,-1.6976786539382012,2.633878056550126e-08,2.82929481558449e-07
TWIST1,-0.0006535416195322837,1.6464135699835647,-1.647067111603097,3.614143006653305e-08,3.7113459418229023e-07
MYOD1,-0.01606366840133002,1.841752890917328,-1.857816559318658,3.6779103927974705e-08,3.7113459418229023e-07
GATA2,-0.4804837279499602,4.674187661911542,-5.154671389861503,3.944067454569331e-08,3.8628660657987857e-07
MYC,-0.08627369767832128,-2.9853302019220402,2.899056504243719,4.693771757009912e-08,4.4177327497221815e-07
PDX1,-0.1534978194935708,1.2952787295387609,-1.4487765490323317,4.7759272969969534e-08,4.4177327497221815e-07
FLI1,-0.3766512416452768,1.972561414326283,-2.34921265597156,4.944440721902731e-08,4.449996649712458e-07
ZBTB33,-0.21308479221343404,-1.9372552335422673,1.7241704413288332,5.776790403543166e-08,5.062292643104932e-07
NFATC1,-0.28476909794794597,1.1171951691489959,-1.4019642670969419,6.629429383525567e-08,5.660512781317985e-07
SOX2,-0.33411979116458135,4.701169360286111,-5.035289151450693,7.347679872522082e-08,6.116943493874633e-07
GLI3,-0.15672091173233388,0.780361130580467,-0.9370820423128008,8.281098258055072e-08,6.72586760959107e-07
RARG,-0.26450744576433055,0.7142349707791518,-0.9787424165434824,9.171702625689092e-08,7.224460406089508e-07
NFE2,-0.14530505842880653,1.3860220897774238,-1.5313271482062303,9.328882806662128e-08,7.224460406089508e-07
GATA6,-0.18378833245480175,0.975936596416757,-1.1597249288715588,1.1625227788508105e-07,8.519051256784565e-07
RORA,0.18327428275314817,-0.5410531270287304,0.7243274097818786,1.182293120178347e-07,8.519051256784565e-07
ETV1,0.048108259146360646,1.0183474636143701,-0.9702392044680095,1.182293120178347e-07,8.519051256784565e-07
STAT5A,-0.5015780381123514,0.6284749665901325,-1.130053004702484,1.2023886158224462e-07,8.519051256784565e-07
CTCF,-0.2973177098298839,2.7036567892629737,-3.0009744990928575,1.264677960711513e-07,8.773703352436121e-07
RUNX2,-0.09568713445177442,1.5707606419587006,-1.666447776410475,1.3754933568297485e-07,9.31572040122211e-07
POU5F1,-0.3530936486314484,1.2602538594296149,-1.6133475080610633,1.3987568170003169e-07,9.31572040122211e-07
LYL1,-0.6919883163683243,2.3735784844579917,-3.065566800826316,1.5465380378188495e-07,1.0097983658699547e-06
SRF,-0.42959954846590365,3.1199705333945325,-3.549570081860436,2.0519413829050152e-07,1.310753873322635e-06
NR2F2,-0.3347715476431968,1.7519049695591553,-2.0866765172023523,2.086184843426416e-07,1.310753873322635e-06
PRDM14,-0.03519528147243778,2.7229502927726266,-2.7581455742450642,2.1563362126417474e-07,1.3297406644624108e-06
POU2F2,-0.8646154691353658,1.3756375494282447,-2.2402530185636103,2.2658547285821506e-07,1.3718720447597385e-06
TGIF2,0.4624579104485209,-0.6859869601488265,1.1484448705973476,2.3418324598710445e-07,1.392553944887603e-06
MEIS1,-0.2690493639197128,1.9326797682276091,-2.201729132147322,3.0448859523029723e-07,1.7788544247664732e-06
POU2F1,-0.06559732248696354,0.7900335005757229,-0.8556308230626863,3.412961634490194e-07,1.9595107315262668e-06
ZEB2,-0.19545121568695417,2.1947028191693625,-2.390154034856317,3.642200453230009e-07,2.0556826286874457e-06
RBPJ,-0.4400281232819593,1.1055164756661742,-1.5455445989481333,4.2821878256946267e-07,2.376614243260518e-06
DUX4,-0.4578043676562762,1.1197060370940968,-1.577510404750373,4.641593388553122e-07,2.5338534399806386e-06
ASCL1,0.028409417842126368,1.147759672994899,-1.1193502551527725,5.449677847080523e-07,2.8805440048854194e-06
TCF12,-0.407239404290949,2.4279097690262343,-2.835149173317183,5.449677847080523e-07,2.8805440048854194e-06
MAFB,-0.199039247366273,1.7981861977897073,-1.9972254451559803,6.495081141059645e-07,3.3794719062075967e-06
FOXP2,-0.6192327971662615,0.8932666286242559,-1.5124994257905173,6.704861710359378e-07,3.43495223007642e-06
GATA3,0.050760850099124843,4.183238799153905,-4.13247794905478,7.031821059414893e-07,3.5478733527047867e-06
POU4F2,-0.11881048030065317,1.3022068566032023,-1.4210173369038555,7.144181922239044e-07,3.5507650449337338e-06
ETV4,-0.6900305750356914,1.0409975264023286,-1.73102810143802,9.05200909175728e-07,4.432822099345844e-06
ATF4,0.3296173570245905,-0.8459800096745391,1.1755973666991295,9.340775866239262e-07,4.507939657185035e-06
ZHX2,-0.05517643701277456,0.8712861996936261,-0.9264626367064006,1.0102019654416994e-06,4.8056750641726556e-06
BHLHE22,-0.22553637307104066,1.0673905081429764,-1.292926881214017,1.075367156067013e-06,5.0436234221171175e-06
AHR,-0.19240892089905964,1.5721803327627275,-1.764589253661787,1.2180436888429737e-06,5.6334520608987525e-06
PAX6,0.3940010570839309,1.5094249894968836,-1.1154239324129527,1.2371097303455635e-06,5.643253975411954e-06
OTX2,-0.26132120755105814,0.8320223115890161,-1.0933435191400742,1.3162848035393646e-06,5.923281615927141e-06
TBX21,-1.0964765923073698,1.2083577217593824,-2.304834314066752,1.7105742209163584e-06,7.594949540868631e-06
RARB,-0.1500886311045242,0.65286233672943,-0.8029509678339541,1.9039849280952087e-06,8.342460277048743e-06
POU1F1,-0.11898919258999183,0.6358795277165628,-0.7548687203065546,1.962996913251676e-06,8.489324313153352e-06
RELB,-0.35442471383924934,1.0406661308342224,-1.3950908446734718,2.150763109085626e-06,9.182104042634787e-06
NANOG,-0.4465524521462552,0.7900879728567736,-1.2366404250030287,2.391646185328539e-06,1.008124278119498e-05
RUNX3,-0.7080319240628306,1.7624197940328064,-2.470451718095637,2.4281045275520246e-06,1.0106985095935303e-05
PGR,-0.12574936289151653,2.146855036107271,-2.2726043989987876,2.502628339232404e-06,1.0288583172399884e-05
NR3C1,-0.19203030132441448,1.3891180408786936,-1.581148342203108,2.6986670663741983e-06,1.0959221135397658e-05
E2F1,-0.06322278286816824,-1.9107771456445843,1.8475543627764162,2.8232766134261426e-06,1.1327121834589223e-05
EHF,0.4376291717840759,-0.7057282804549606,1.1433574522390364,3.379190265070327e-06,1.3396075693671654e-05
MEIS2,-0.2074927288533083,2.3164084701796,-2.5239011990329083,3.5867853432670606e-06,1.4051759050681542e-05
SREBF2,0.37553606266932843,-1.428729037032663,1.8042650997019916,3.6951149294148414e-06,1.4307828738315606e-05
BACH2,-0.28632271387691033,0.9053933436349874,-1.1917160575118977,4.5461278358920416e-06,1.740069619944885e-05
NR4A1,-0.016234840962649544,0.7832933394981387,-0.7995281804607883,4.682063433802027e-06,1.771735367563722e-05
LHX2,-0.05603171523933065,0.8771345526165765,-0.9331662678559072,4.893290887076639e-06,1.8308605229174386e-05
TEAD1,-0.2952757447451385,3.5737820355398457,-3.8690577802849844,5.039147141769769e-06,1.8509108590453102e-05
ZEB1,-0.03420266374617058,0.9346790121518166,-0.9688816758979871,5.11362759856362e-06,1.8509108590453102e-05
SALL4,-0.06520464128945638,0.6436337346789975,-0.7088383759684539,5.11362759856362e-06,1.8509108590453102e-05
KMT2B,0.0519249267571447,-0.9882411461615737,1.0401660729187183,5.7486104768428365e-06,2.058373428805016e-05
BCL11A,-0.1786272695104486,0.9268554934958552,-1.1054827630063038,5.918773256014133e-06,2.0967569087794746e-05
SMAD3,-0.06889451581065048,1.5745383882299506,-1.643432904040601,7.148136185928634e-06,2.5056098420149843e-05
REST,-0.018687743090405485,0.5719102874695737,-0.5905980305599792,7.464691729432957e-06,2.589314943647057e-05
TEAD2,0.020950917721950513,1.032225629637043,-1.0112747119150924,7.68312893098773e-06,2.6376102412566125e-05
GATA4,-1.3720240373073174,0.2594250408630801,-1.6314490781703974,9.527529737494719e-06,3.204714548066405e-05
GATA1,-0.3418746488764771,0.7856513130414811,-1.127525961917958,9.527529737494719e-06,3.204714548066405e-05
NFKB2,-0.07585664481728466,1.014384186487175,-1.0902408313044596,1.008667149578448e-05,3.358861608096232e-05
FOS,-0.03515023831414485,2.5680857604339,-2.6032359987480445,1.0377862836856973e-05,3.4216122026469034e-05
NFIC,-0.18546206361672052,1.2543534636953846,-1.4398155273121052,1.1461554637700975e-05,3.741860484661201e-05
RARA,-0.17782597846416637,1.0661621491802638,-1.24398812764443,1.2300876579987674e-05,3.976885340908636e-05
STAT3,-0.40980882301231414,1.05709032690993,-1.4668991499222441,1.4358591049092524e-05,4.597510403219048e-05
HOXB13,-0.172949031591624,1.5373766072003727,-1.7103256387919967,1.456112756514801e-05,4.617957599232655e-05
RXRA,-0.05873345128388305,0.7723335510556747,-0.8310670023395578,1.5615347545188418e-05,4.859729656586676e-05
MAF,-0.3713072066253785,0.722219170355335,-1.0935263769807135,1.5615347545188418e-05,4.859729656586676e-05
ONECUT1,-0.16216528937975472,1.2852962236671073,-1.447461513046862,1.6742085882555696e-05,5.162143147121339e-05
JUNB,0.2658161025968719,1.1803298088196064,-0.9145137062227344,1.7214130408220347e-05,5.258995803612271e-05
JUND,-0.2820628774033908,0.4308980504631275,-0.7129609278665183,1.745488243561425e-05,5.284068955508678e-05
PAX5,-0.5407077858017086,0.8411731410486647,-1.3818809268503733,1.819653759947985e-05,5.458961279843955e-05
MAFF,-0.1610466129702216,0.8811793783245143,-1.0422259912947358,1.8707549776410743e-05,5.5621554245935505e-05
PBX3,-0.11398759053413374,2.539333628412964,-2.653321218947098,2.0605877620588002e-05,6.072351546598057e-05
HHEX,0.2933895998571054,0.9960260434660192,-0.7026364436089139,2.2072642066057786e-05,6.447534919295828e-05
SOX11,0.07381526697613044,1.6124555507094298,-1.5386402837332993,2.2999844865583606e-05,6.602541672620121e-05
SOX6,-0.3387097052503377,0.39547060878325063,-0.7341803140335883,2.2999844865583606e-05,6.602541672620121e-05
MYNN,-0.20797185220308353,-0.8411804317904206,0.633208579587337,2.4628067733014156e-05,7.009526970165567e-05
FOXM1,0.3099593780174801,-0.8314268386003495,1.1413862166178297,2.4966611081483955e-05,7.04566227977471e-05
THRB,0.42663115191296275,-0.06438957117385967,0.49102072308682243,2.6365571963572864e-05,7.377928961235096e-05
FOXO3,-0.330921956579369,0.5222666450416694,-0.8531886016210384,3.06073286193022e-05,8.493533691856362e-05
TCF4,0.3162479076831001,1.493730173927103,-1.1774822662440028,3.2304764286645386e-05,8.817611891354847e-05
NR2E1,0.2795213891054702,-0.17255053989095218,0.45207192899642235,3.2304764286645386e-05,8.817611891354847e-05
ZNF584,0.31564923859013727,-0.43478979681549645,0.7504390354056337,3.5492529357245374e-05,9.608953069888381e-05
MAFK,-0.1917195908166062,1.4554156723887846,-1.6471352632053908,3.795001462521082e-05,0.00010191415217899357
KLF9,0.2119802913223307,1.5594881533324199,-1.347507862010089,4.22208783446756e-05,0.00011247641991021581
NFATC2,-0.30382756574524855,0.3487000137723804,-0.652527579517629,4.393701819753714e-05,0.0001161192623792053
ZBED1,-0.14341385083017127,-0.8594433658630957,0.7160295150329243,4.511764821903038e-05,0.0001183006051727332
ZC3H8,0.181437295436271,-0.43511325287947744,0.6165505483157484,4.756976436403945e-05,0.00012279636847461347
MAX,-0.1806865881527428,0.5518995419884547,-0.7325861301411976,4.756976436403945e-05,0.00012279636847461347
CEBPB,-0.0777109240650819,0.7376537084499288,-0.8153646325150108,5.01478852612604e-05,0.00012845573686153625
DDIT3,0.17610601367895898,-0.247663914558312,0.423769928237271,5.4981185282413985e-05,0.00013976133358048744
KLF5,0.5279238914741968,-1.1966251831632027,1.7245490746373995,5.570666475711546e-05,0.00014053272245545038
ARNT,-0.1305111998825606,1.4515482712807726,-1.5820594711633331,5.7184915798317016e-05,0.0001421087832898475
CEBPA,0.05258437435731163,2.236662507813548,-2.1840781334562362,5.7184915798317016e-05,0.0001421087832898475
NR5A1,-0.0946471372834695,0.5024852861840114,-0.597132423467481,6.430895843641152e-05,0.0001586287641431484
FOXP1,-0.36816946413118706,2.204584905893574,-2.5727543700247613,6.862174733538878e-05,0.00016802236663738577
PBX2,-0.050100085787658816,1.3465902556205407,-1.3966903414081995,7.226755019457174e-05,0.00017565762200578386
TFAP2C,0.4296817044313833,3.484655400724836,-3.0549736962934526,7.320721889062834e-05,0.00017665220210564666
SP2,0.6570075982774395,-0.3065799393165748,0.9635875375940143,7.609604492582636e-05,0.00018230203568561282
CREB3,0.3751379419148836,-0.6136033191210322,0.9887412610359158,7.808145772372107e-05,0.00018572232444285082
ATF7,-0.2847975715248621,0.9883012249544798,-1.2730987964793419,8.115162560922093e-05,0.0001916559668643303
NEUROD1,0.023391989066214862,0.8925064982026385,-0.8691145091364236,8.326142010608223e-05,0.000195253893629052
ESR1,0.44802933118753596,2.63397967790942,-2.1859503467218837,8.763748795618337e-05,0.0002040789055203431
ZNF263,0.002011639439224139,2.3595490685909897,-2.3575374291517655,9.582296803431657e-05,0.00022159061357935705
HOXA9,-0.13714768691769952,0.635195374448257,-0.7723430613659565,9.829111139027648e-05,0.00022573062133077288
MBD1,0.18219122735224574,-0.9974889255075365,1.1796801528597822,0.00010340855355997242,0.00023585649544843025
IRF3,0.20452412647092255,-1.253113625462294,1.4576377519332167,0.00012970918328752474,0.00029383100703908664
STAT1,-1.0444231671896702,1.3106818569880199,-2.35510502417769,0.00014511160807153208,0.0003265011181609472
TBP,-0.13727278009680877,0.45693593430489476,-0.5942087144017035,0.00014692550550669567,0.00032836371364919234
LHX4,-0.1250755761438331,0.3702922586513004,-0.49536783479513347,0.0001725348377043983,0.00038302733970376423
TCF7L2,0.018854825242735802,0.8637457491618171,-0.8448909239190813,0.00017682899539648295,0.00038996063223197897
FOXA1,-0.10150031507891107,3.374959721069133,-3.476460036148044,0.00018122350552119182,0.0003970225482799795
E2F5,-0.16629820739435036,-0.49771639769769166,0.3314181903033413,0.0001950311108776083,0.000424479476615971
KLF6,-0.1376802709221979,0.437504807019526,-0.5751850779417239,0.00020229998144272418,0.00043712433373012226
SMAD4,0.12421209397783337,1.1232400783253196,-0.9990279843474862,0.00020477896715285007,0.00043712433373012226
CTCFL,-0.31557083433294036,0.8583805391684867,-1.173951373501427,0.00020477896715285007,0.00043712433373012226
MYCN,0.17975220980388276,-0.7958064686028119,0.9755586784066946,0.00022841004672030822,0.0004844620736169595
NFE2L1,0.02139328292212654,1.4371788383276518,-1.4157855554055252,0.0002869505393292641,0.0006047755037762338
MBD2,-0.060420508631453484,0.7628988101743873,-0.8233193188058407,0.0003081816750189052,0.0006454370929641222
HOXD3,-0.11135936144248659,1.0172145169331335,-1.12857387837562,0.00033087681069906725,0.0006886373622674337
CEBPG,0.16645546653176024,0.7617734995026247,-0.5953180329708645,0.00034280213450083854,0.0007046488320295014
ELF5,0.08935689448704828,-0.5530153970387759,0.6423722915258242,0.00034280213450083854,0.0007046488320295014
RXRB,0.0016370626629892554,0.5399318201627821,-0.5382947574997928,0.00035932871927712827,0.0007340887332471394
SOX9,0.5723809778779811,-0.5471110763317012,1.1194920542096822,0.0003678686530132338,0.0007469528137402857
BATF,-0.39746271396356303,0.9798629606173891,-1.3773256745809521,0.0005330783615112215,0.0010693680384532337
HIC1,-0.1796253202395292,0.1133930730944127,-0.2930183933339419,0.0005330783615112215,0.0010693680384532337
TP63,-0.41460658008245904,0.40322877141259095,-0.81783535149505,0.0006111918206146797,0.0012187238099681935
ETS2,-0.4608796911772227,0.3582947251144644,-0.8191744162916872,0.0006181604146398291,0.0012252822504468042
IKZF1,-0.2735798917902156,0.8920471317203341,-1.1656270235105497,0.0006323199304781217,0.001238603157936556
MAFG,-0.005450025192996588,0.8503372253738596,-0.8557872505668562,0.0006323199304781217,0.001238603157936556
CEBPZ,0.06245064730290699,-0.24533971398737875,0.30779036129028575,0.0006395122895454273,0.0012453660375358322
KLF13,-0.2540845773285938,0.39958296189896064,-0.6536675392275544,0.0006467806845182265,0.0012521974880498222
NFYA,-0.011501290514498538,-0.5863009810966407,0.5747996905821422,0.0006615485250702394,0.0012733853112623685
SNAPC4,0.04723872363756354,-1.1400752946113484,1.187314018248912,0.0007157410864426221,0.0013697803550884666
JUN,-0.4986292508440422,0.7495846606131548,-1.248213911457197,0.0007319659217721197,0.0013928265825720904
CLOCK,0.27175526151175894,1.1161498514809713,-0.8443945899692125,0.0007485318475215474,0.0014162562796856551
SP4,1.1067018266877537,-0.12308774426606615,1.2297895709538198,0.0008274771680488895,0.0015567790788716396
PAX8,0.05940579540172025,0.48998247891895413,-0.4305766835172339,0.0010426635673656517,0.0019397037314679442
HOXA5,0.02835640146950935,0.6151304182505134,-0.586774016781004,0.0010426635673656517,0.0019397037314679442
MYB,0.3999351669862604,0.807866233105613,-0.4079310661193526,0.001162382818873709,0.0021504082149163615
SREBF1,0.25587170838840134,-0.571811219743241,0.8276829281316423,0.0012137328200452038,0.0022330001606356512
HOXA10,0.14738157175626165,0.37093392846493844,-0.2235523567086768,0.0013086663277187662,0.0023944279512656545
STAT2,-0.6050716977205675,-1.516226715802491,0.9111550180819235,0.0014407933888800468,0.0026217715764866424
MITF,0.2856843743539812,2.5524160361015618,-2.2667316617475803,0.0015355955953506842,0.0027790942024553144
ATF1,0.5367286054174867,-0.39996235444863093,0.9366909598661176,0.0016019536669022994,0.002883516600424139
PPARG,-0.3617169842036677,0.6592913429290915,-1.0210083271327592,0.0017426550301764228,0.003119914650799725
ZBTB11,-0.02067364811358747,-0.9849604708514961,0.9642868227379086,0.0017795628373017864,0.003168954143430454
NFIA,-0.20500863372362638,-0.5435852874276658,0.3385766537040394,0.002167777760788984,0.0038397340124613384
NR1H4,0.006621177785024461,0.4179909330127839,-0.4113697552277594,0.0022128670381293537,0.0038988609719421948
ELK1,0.40138137506955673,-0.6675301698778204,1.0689115449473772,0.0023056341949316077,0.004040927299538028
CREM,0.22264813658126426,0.7664018548496455,-0.5437537182683813,0.0026057188161956618,0.0045429547947285626
KLF4,-0.3418338683355203,0.2455104772237885,-0.5873443455593088,0.0026322718221945493,0.004565346441618672
FOSL2,-0.06318924908590813,0.6889214972895119,-0.7521107463754201,0.002941122125603813,0.005074578589772382
FOXJ2,-0.123780846946686,0.8055437832266008,-0.9293246301732868,0.0032827093895823767,0.00563475374603573
RFX1,0.1468101897525021,0.5869847119175637,-0.44017452216506164,0.0035185078715929846,0.006008528826874173
ATF3,0.01730752102372466,0.35051104025259033,-0.33320351922886565,0.003769619426500816,0.006404506474616183
XBP1,-0.05863388141792647,0.5420386023179765,-0.600672483735903,0.0039588406021638526,0.006691847312287121
REL,-0.4293097525552419,0.13671042235092296,-0.5660201749061649,0.004279593820209855,0.007197498697625665
ELF3,-0.05932240344352116,-0.7842946409626734,0.7249722375191523,0.004759123095768791,0.007963758748196017
NRF1,0.0274768875141275,-0.6356938990170085,0.6631707865311359,0.004805042399263507,0.008000395594773738
ARID3A,-0.1363266106197657,0.5920804141253534,-0.7284070247451191,0.0049452158893167454,0.008192820353942667
CREB3L1,0.253770290290423,-0.08041888053607799,0.33418917082650096,0.005596347377901384,0.0092256617665404
MZF1,-0.2683402468877873,0.0856854222525224,-0.3540256691403097,0.007403291650422662,0.012144315860052938
NPAS2,-0.059496917271402855,0.4426040892726295,-0.5021010065440323,0.007750805437066117,0.012652050051681457
FOXA2,0.20255503177582407,0.5198434855122694,-0.3172884537364454,0.007966263122992671,0.01294032009734907
IRF7,-0.21668447183936979,-0.38379899605052603,0.16711452421115625,0.008187068877167782,0.01323443658299452
MYBL2,-0.04179334228698643,-0.47081639109757856,0.4290230488105921,0.009544901454338374,0.015354841470022602
MEF2D,-0.07614872223397635,0.4114045842229192,-0.48755330645689554,0.009717177525692294,0.015482392899787244
ESR2,0.044362466307085596,0.33191496176476487,-0.28755249545767925,0.009717177525692294,0.015482392899787244
HNF1A,0.5697667005010345,0.18763577236497733,0.3821309281360572,0.01100269662302685,0.017447133216514005
LHX3,-0.04063820832562123,0.23074917615051907,-0.2713873844761403,0.011396737301814843,0.017986320007129585
SATB1,-0.007686006468033519,0.49968371709681336,-0.5073697235648469,0.01379603003521327,0.02167017925342462
MNT,-0.05832651668617321,0.754688461475134,-0.8130149781613072,0.015155159466518039,0.023693277475823976
CDX2,0.4088213357808677,1.166133755319281,-0.7573124195384133,0.018231238977550093,0.02836917093235599
CREB1,-0.0780414508536251,0.3632822425851713,-0.4413236934387964,0.02063008937934962,0.03195265006196941
HOXB7,0.13229336517608858,0.35511828007688284,-0.22282491490079426,0.02096987469865183,0.03232855682708824
WT1,-0.4802423015861797,0.059344160024759444,-0.5395864616109391,0.0214886951158573,0.03282447464945175
ZHX1,-0.1544453192707969,0.3103030008099924,-0.4647483200807893,0.0214886951158573,0.03282447464945175
ZNF644,-0.09032770905185446,0.330110520216403,-0.42043822926825747,0.022197818971863403,0.0337528480257101
GRHL2,0.2086574975631098,-0.42661499239932127,0.6352724899624311,0.024060304568719493,0.03641855191537996
NFYB,-0.12650387100276847,-0.43631691566127045,0.309813044658502,0.025041335055950343,0.03773196639652246
CDX1,-0.1759493930030113,-0.21715423200544248,0.04120483900243119,0.026894634371489645,0.04034195155723447
SP3,0.030006832018651293,0.5545343252931888,-0.5245274932745375,0.02931958340183856,0.04378215817404592
NFYC,-0.07995662901109905,-0.13531323801009276,0.05535660899899371,0.0344742192065139,0.05124962051682646
TFAP4,0.14172618153389033,0.5509434375137461,-0.40921725597985575,0.035270371711483936,0.052200150132996226
ZNF24,0.322912859741606,0.015346492973062733,0.30756636676854326,0.03718928850800756,0.05479660651843592
TWIST2,0.03506822417140466,0.33687322901325706,-0.3018050048418524,0.03919637577606679,0.05749952922215966
SOX13,-0.027555393824278004,0.3879173626333081,-0.41547275645758613,0.04008430727786002,0.05854418562950608
FOSL1,-0.013070528104576401,0.24163669232305512,-0.2547072204276315,0.04098924272848521,0.05960444466631255
EGR1,-0.03269245226122997,0.8922740136725715,-0.9249664659338015,0.041294709155332836,0.059787557168373195
NR2F1,0.0629217685790674,0.42873099129701797,-0.3658092227179506,0.04678988343569001,0.06745035144625443
TFAP2A,0.7081974862490523,0.024884052851365444,0.6833134333976869,0.04747509602262183,0.06814313351522876
TCF3,-0.7101942452239338,0.3154729530825393,-1.0256671983064731,0.04958154609255804,0.07086117960867737
HMBOX1,0.012948581994898713,0.5206222395471645,-0.5076736575522658,0.051765835659886406,0.0736667661313768
ZNF148,0.05550497102424911,0.25327810971696846,-0.19777313869271934,0.05288782658622745,0.07494317554559038
ZBTB7A,-0.05815125256745458,0.6422822445235867,-0.7004334970910413,0.05326631048561496,0.0751596669140245
ATF2,-0.28454688407362977,0.3585241048639971,-0.6430709889376269,0.05364705423989522,0.07537750659023253
SNAI1,0.0019078245978841682,0.12003928947229266,-0.11813146487440848,0.05558501645921165,0.07777231294503142
VDR,-0.3686327159979629,0.11924841135987597,-0.48788112735783884,0.055979526931443334,0.07799657936473067
RXRG,-0.012294804832465367,0.4855912632537134,-0.49788606808617875,0.05758096045749369,0.0798935826347725
KLF1,0.14329207783735218,0.6369101395862822,-0.49361806174892997,0.05839585205126967,0.08068804453557178
ZFX,-0.16039560112351045,-0.7049080823191078,0.5445124811955974,0.06392919771698152,0.08796868942047457
HNF1B,0.26079634952396963,0.44382494082004403,-0.1830285912960744,0.06894311817943401,0.09409040308914558
SNAI2,0.07819243763130873,0.48095623800883813,-0.4027638003775294,0.06894311817943401,0.09409040308914558
GABPA,0.5914230114892374,-0.16329290929800694,0.7547159207872443,0.06988857444262181,0.09499140934446149
E2F7,-0.539504056326638,-0.29886505746151787,-0.24063899886512014,0.07528056376217392,0.10190417777562566
SP1,-0.36387616682884344,0.3912016879566372,-0.7550778547854806,0.07888533328709368,0.10635148171903723
YY1,0.3941395653728236,0.008551853135577303,0.38558771223724625,0.08372505322304152,0.11242114001319689
HINFP,-0.24302124297534522,-0.46264539832277485,0.21962415534742963,0.08539073282240317,0.11419724509984037
ZNF766,-0.08747691597920407,0.16566689278084581,-0.2531438087600499,0.09172868990206885,0.12218261494955572
RFX5,-0.6039917155971529,-0.8111497128989481,0.20715799730179518,0.09473193328992453,0.1256802142850393
FOXK2,0.2656308188677322,-0.24169895377016337,0.5073297726378956,0.09534193478497054,0.12598755668013964
ZNF143,-0.003878497022674659,0.4723388717044503,-0.476217368727125,0.09781346156238671,0.128742619368675
BCL6,0.07956109494551988,-0.12828084047290475,0.20784193541842463,0.10356160759387946,0.1357717138927632
NR2F6,0.04930168867195267,-0.25635443503942495,0.3056561237113776,0.10620105691593279,0.13868608609021812
ETV6,-0.06478243083712162,0.4113808618138515,-0.4761632926509731,0.10957506069323067,0.14253318441736645
SMAD5,0.01881853320063625,0.20053238774376292,-0.18171385454312666,0.11444036168231837,0.1482826476272841
ETS1,-0.3012467605260917,0.57244757741993,-0.8736943379460217,0.12020714728990858,0.15515108545557968
AR,-0.2511122229794621,-0.01761916267931112,-0.233493060300151,0.12543754573254956,0.161276844513278
ESRRA,0.903815784404675,0.42503061196980807,0.47878517243486696,0.12696406799845356,0.16261167170571167
NFKB1,-0.6654950516555143,0.27099248548554095,-0.9364875371410553,0.13481450699100098,0.1720047158161047
KMT2A,-0.2755578126371269,0.23597340049871698,-0.5115312131358439,0.14052941312285513,0.17861181133553725
NFE2L2,-0.04085848568127183,-0.3002056579453565,0.25934717226408466,0.15340095291701833,0.19276421630704565
KLF3,-0.15124530707426587,0.11218387031816582,-0.26342917739243166,0.15340095291701833,0.19276421630704565
ELK4,-0.23282048432884334,0.06636486872800285,-0.2991853530568462,0.15340095291701833,0.19276421630704565
ARID2,-0.04088069014587149,-0.812688503469708,0.7718078133238365,0.16620545744498572,0.208069238079625
NCOA3,0.3822815444146094,0.8013890006901065,-0.41910745627549717,0.18792649867518685,0.23438023992073864
BACH1,0.5147149625717953,0.08661641861321245,0.4280985439585828,0.19209125992148857,0.238680558036775
E2F6,0.2633794872352186,0.3428828680217998,-0.0795033807865812,0.19419891443194892,0.24040237362765424
ZNF740,0.8381109700016892,0.21060411956499545,0.6275068504366937,0.195259084560938,0.24081953762515684
IRF9,-0.08211730050989885,-0.20579699174372926,0.12367969123383041,0.20609496577123387,0.2532458435491545
EGR2,0.5065997341376456,0.14277409132558302,0.36382564281206253,0.21393573293271984,0.26191396715660187
ADNP,-0.15196845685039453,0.010504370704800037,-0.16247282755519457,0.22432987405258853,0.2736331430751355
HNF4G,-0.022458646470954413,-0.09360192894187501,0.0711432824709206,0.22550668646132366,0.27406469558985685
NR5A2,0.04971062243454283,0.27473741994687156,-0.22502679751232874,0.22906355276244728,0.2768083558563061
LEF1,0.13741804436196844,-0.2270836660553803,0.36450171041734875,0.23025800171830868,0.2768083558563061
GFI1B,-0.08067365387105989,0.13291447123475053,-0.21358812510581043,0.23025800171830868,0.2768083558563061
TCF7L1,-0.04672684192008334,0.015872121796782077,-0.06259896371686542,0.23145687252188862,0.2772486998193846
FOXO4,-0.15567903351809376,0.03302173504925366,-0.1887007685673474,0.2424464884041725,0.2893716151920768
CUX1,0.01266329918858232,-0.21853980464526276,0.23120310383384507,0.2436898391635275,0.2898168444337666
ZNF384,0.3961958197621288,0.6069829795088295,-0.2107871597467007,0.2537980055621011,0.3007641845273298
SIX5,0.36993779281449196,0.6736423395976489,-0.3037045467831569,0.26026187201565376,0.30733050844401666
DEAF1,0.0061084085012678285,-0.1399007990984076,0.14600920759967545,0.2775979143842472,0.32664348229665835
GLI2,0.2051525986633571,0.30576314032256896,-0.10061054165921185,0.28725141326577797,0.33681239654050726
HSF1,0.14924070780340776,-0.1699146802966265,0.3191553881000343,0.2900506809452884,0.3389013219466001
ZKSCAN1,0.0769246340366189,0.1732467545891543,-0.09632212055253542,0.31162933111276625,0.36157688940958593
NR1H2,-0.1952916697306631,-0.09319952825457786,-0.10209214147608522,0.31162933111276625,0.36157688940958593
FOXK1,-0.3116909186121733,-0.11408168741991202,-0.19760923119226126,0.322052674784323,0.3723734052193734
FOXA3,-0.11036522104209168,0.3073078002686192,-0.4176730213107109,0.3296356379028047,0.3798223786215708
NR1H3,-0.3659609864556289,-0.18386680472453504,-0.18209418173109387,0.33270094459072574,0.3820324639610747
PPARA,-0.1364230624776947,0.4245383677087581,-0.5609614301864527,0.3373333013258728,0.38602058192960703
HBP1,0.057380692260108966,0.2058055753966679,-0.14842488313655894,0.3692677446780679,0.42111698280067333
PPARD,-0.25883759825948544,-0.10889372469318268,-0.14994387356630276,0.3725614429033488,0.421982858798691
FOXP3,-0.18018739467146655,-0.015177437662860662,-0.16500995700860588,0.3725614429033488,0.421982858798691
ZNF592,0.4776050362041434,0.14321858713744645,0.33438644906669696,0.399561720492412,0.45103068787787526
BMAL1,0.09158665090048727,0.38383562492139084,-0.29224897402090355,0.41173534900413356,0.4632022676296503
SMAD1,-0.14087782239746355,0.14145675922436687,-0.28233458162183045,0.41525353347080585,0.4655872951036308
NCOA2,0.6781350732757134,0.3532113566812968,0.32492371659441666,0.4205639846660708,0.4699590835362469
HIF1A,-0.12835277668175984,0.10386585378764748,-0.23221863046940733,0.4349186826049809,0.4843743187540423
EPAS1,-0.06818204701794742,-0.08425673469629205,0.016074687678344635,0.4644609521833648,0.5155516569235349
PAX3,0.8483354945632391,0.16380363542028262,0.6845318591429564,0.4663436969625798,0.5159217644137511
HNF4A,1.084504230466889,1.5841360323391016,-0.49963180187221257,0.47772867532859076,0.5267670492861614
IRF8,-0.006611720796657783,-0.07617861605148424,0.06956689525482646,0.4796408422292413,0.5271300345291662
ZNF83,0.10638772624282136,-0.04023017827028345,0.1466179045131048,0.4970367785901577,0.5444514712846136
CEBPD,-0.03982469616868123,0.12902128520760686,-0.1688459813762881,0.5068445070701966,0.5533744946045097
USF2,0.053447515806467824,-0.08631525938031856,0.13976277518678637,0.5127775973732891,0.5580226794944616
KDM5B,0.041028536927349604,0.11279717925416,-0.07176864232681039,0.5227459169896626,0.5670175581679402
FOXL2,-0.30775805745619955,-0.2671068656856793,-0.040651191770520234,0.5388997169390053,0.5810703865160011
SOX4,-0.12030865624854237,-0.044924828433522225,-0.07538382781502015,0.5409363958557367,0.5810703865160011
PITX1,-0.049285596114761736,-0.002308899456543556,-0.04697669665821818,0.5409363958557367,0.5810703865160011
USF1,-0.05948601504377751,-0.14519551961003563,0.08570950456625812,0.5973361010550233,0.6395913879463754
ZNF274,-0.08229777091278931,-0.18287053260194364,0.10057276168915433,0.6145463647563296,0.6559100623841595
ZNF639,0.29053771719669563,-0.18510754439170649,0.47564526158840215,0.6188828131979195,0.6584280408782978
PROX1,-0.19409695363735657,0.07269215486672886,-0.26678910850408544,0.6407621669832917,0.6795344000173126
IRF1,-0.7702571558885944,-0.7737670968112385,0.003509940922644006,0.667433989501709,0.7055730746160923
HSF2,0.1377135251146063,0.11057973699427866,0.027133788120327643,0.6809318771052468,0.7175642882153392
STAT6,-0.2665157024785363,-0.12390184844300267,-0.14261385403553362,0.6922589299189438,0.7271994437318874
NR1I2,0.05705798143865663,0.25066362525907543,-0.19360564382041878,0.7036552347035687,0.7368465193593974
PBX1,-0.07967569086042631,0.1321018531244064,-0.2117775439848327,0.7197220251209344,0.7489607323914724
RELA,-0.5873621646959974,-0.135582964348377,-0.4517792003476204,0.7197220251209344,0.7489607323914724
MXI1,0.18136855318067802,0.22040584716241926,-0.039037293981741245,0.7243357415711632,0.7514137132186833
NCOA1,0.808362741077819,0.8354945193700277,-0.027131778292208697,0.7382364790514182,0.7634557376525536
RFX2,-0.13554421273999462,-0.1156257758038482,-0.019918436936146422,0.7828031278977945,0.8070385188543826
BHLHE40,0.0541873398747979,0.01052825066693215,0.04365908920786575,0.8209008157726776,0.8437036162108075
THAP1,-0.07475385994956252,-0.2965526506506789,0.22179879070111636,0.8256948861584533,0.8458755402669696
IRF2,-0.775030306114275,-0.8001755128663133,0.02514520675203824,0.8280943727538502,0.8458755402669696
STAT4,-0.4859563786041635,-0.40159624495875224,-0.08436013364541128,0.8328981403748213,0.8481806750605979
HES1,-0.05328205667972185,-0.22976395048877046,0.1764818938090486,0.8642670762792926,0.877441879271355
ZNF197,0.031070490657917435,-0.15775045918046257,0.18882094983838,0.8982885113551193,0.9092099522226588
ZNF217,-0.004069577420626712,0.13394086556870155,-0.13801044298932827,0.930049526435041,0.9385045221299051
CEBPE,0.05740351996531814,-0.03656683013712119,0.09397035010243933,0.9398469945267627,0.9451360897751213
ELF1,-0.02422410103711609,0.006919222076996848,-0.03114332311411294,0.9422978432592801,0.9451360897751213
MAZ,-0.08552467908207617,-0.17324947604672133,0.08772479696464516,0.9742001683617999,0.9742001683617999
