TF,mean_CIN,mean_GS,diff_CIN_vs_GS,stat,pvalue,padj
GLI1,1.8049801313926797,2.6735524536167543,-0.8685723222240747,-10.653004979865866,9.195403170154942e-19,2.7402301447061725e-16
NR2C2,17.840602698738817,16.993141864662736,0.847460834076081,9.79320621709575,4.6164929840072535e-17,6.878574546170808e-15
E2F3,6.515438453305311,5.232362834412197,1.2830756188931138,9.281880939097324,1.156954708523656e-14,1.1492416771334983e-12
TP53,24.8261179927882,26.5784043387526,-1.7522863459644,-8.719764432582371,2.4415439180918902e-14,1.8189502189784581e-12
MEF2C,11.035771981825643,12.592678200548946,-1.5569062187233023,-8.758423649415693,1.3265665757960405e-13,7.906336791744402e-12
STAT5B,12.700509785697319,14.009531077725661,-1.3090212920283424,-8.44722102466325,3.3411474963306355e-13,1.6594365898442158e-11
RUNX1,29.73310283944414,31.973608154929057,-2.240505315484917,-8.175050324247874,8.141965130542413e-13,3.466150869859485e-11
ZHX2,7.252283138547269,7.728989500265704,-0.47670636171843483,-8.018294877357016,1.5271211411020136e-12,4.8167556939969027e-11
EBF1,14.844789710030003,16.415122232207732,-1.5703325221777291,-8.249718788787312,1.5410916942933797e-12,4.8167556939969027e-11
E2F4,42.285664117433065,39.719665813857496,2.5659983035755687,8.168129865364895,1.6163609711399002e-12,4.8167556939969027e-11
TFDP1,15.903777070881066,14.55168258264246,1.3520944882386061,8.084927918229171,2.4122859303954924e-12,6.535101884162333e-11
E2F2,7.821328605690881,6.399161883100243,1.4221667225906378,8.063458764449232,2.931289785024777e-12,7.279369632811529e-11
MEF2A,17.75507934223515,19.83154029612217,-2.076460953887022,-8.203774492866321,3.352689966831097e-12,7.685397000889745e-11
IRF4,11.56501762830122,13.371124917215317,-1.806107288914097,-8.007529991265226,4.340959071001771e-12,9.240041451132341e-11
TP73,7.852237535223781,8.423541154176414,-0.5713036189526326,-7.58708138687481,5.989224321942898e-12,1.1898592319593223e-10
TAL1,32.98023011983793,35.66223711356604,-2.682006993728116,-7.86443269034255,6.948954930812119e-12,1.235726018029715e-10
STAT5A,9.71597684289234,10.559640247720354,-0.843663404828014,-7.851785949914758,7.049443727015153e-12,1.235726018029715e-10
PKNOX1,8.992041141340207,9.810509424578425,-0.818468283238218,-7.8651423400868135,1.4617719432400767e-11,2.3261867525350422e-10
SIX2,7.860895570177216,9.110246210366627,-1.2493506401894114,-7.757246419178251,1.4831392046364363e-11,2.3261867525350422e-10
ZEB2,10.57902063303513,11.964034771839657,-1.385014138804527,-7.7736196925666645,1.7938204578053295e-11,2.672792482129941e-10
EOMES,4.421638855010658,5.522288038018893,-1.100649183008235,-7.599116789745312,3.195025281980794e-11,4.533893019191794e-10
SPI1,35.103016947163184,38.41077926653907,-3.3077623193758896,-7.4653147050769615,3.796887621984287e-11,4.928564756246793e-10
NFKB2,12.052515571317745,13.027052565308951,-0.9745369939912063,-7.326082591428072,3.803925818579739e-11,4.928564756246793e-10
RELB,13.127769541277742,14.3966558419036,-1.2688863006258586,-7.2577874784245315,4.9524450921184413e-11,6.149285989380398e-10
RUNX2,10.401583443243183,11.490009895841398,-1.088426452598215,-7.239905176091406,8.06835353651301e-11,9.076551009672276e-10
BHLHE22,8.73644987627299,9.906137710102177,-1.1696878338291867,-7.323268864939113,8.110990296911899e-11,9.076551009672276e-10
ETV1,9.326517315520567,9.925651664157739,-0.5991343486371719,-7.086112838227687,8.223720713461457e-11,9.076551009672276e-10
THAP11,18.23188283884123,17.74269349520864,0.4891893436325887,7.168559937428368,9.413998036630469e-11,1.001918362469957e-09
TWIST1,9.5830976686631,10.636774893759528,-1.0536772250964273,-7.305432783851649,9.815273628972857e-11,1.0086039798047971e-09
TEAD2,9.749764970079658,10.53626169915164,-0.7864967290719811,-7.194344089993778,1.3892908768343107e-10,1.3800289376554154e-09
ATF3,7.8387055238982875,8.289593208456532,-0.4508876845582446,-6.9344035947051585,2.7081802783553434e-10,2.592040417654803e-09
TCF12,17.818895072017956,19.31471995145278,-1.4958248794348243,-7.157012778537943,2.7833991062065e-10,2.592040417654803e-09
GATA2,33.977649772647794,37.10045562637186,-3.122805853724067,-7.112522127721842,2.92563502000847e-10,2.6419370786743156e-09
NR2F2,8.38276882169798,9.694860978000426,-1.3120921563024464,-7.163720271508618,3.678509747060877e-10,3.1602594452105877e-09
FOXP2,7.713803393923033,8.383431584206797,-0.6696281902837633,-6.909829689361916,3.7117141135023684e-10,3.1602594452105877e-09
ERG,13.974727991104928,15.019566682474485,-1.0448386913695575,-7.042310425493388,3.86429316403259e-10,3.198776008004755e-09
BACH2,11.20558864978818,11.911858241310574,-0.7062695915223944,-7.071615569852028,4.460946174965036e-10,3.5928701625394078e-09
SOX10,4.683307194161172,5.754280948365086,-1.070973754203914,-6.97157209299931,5.205600163995794e-10,4.024825642565768e-09
SOX6,8.91834174137136,9.525664833721294,-0.6073230923499331,-6.7777868705115045,5.26738926376057e-10,4.024825642565768e-09
SRF,21.98554170710574,24.590377855743277,-2.6048361486375384,-7.083502258652893,6.013668680063867e-10,4.396207289591714e-09
FOXO1,11.215059374559278,12.432587072878368,-1.2175276983190901,-6.903445067814835,6.048473116552358e-10,4.396207289591714e-09
MEIS1,11.261629724468344,12.590845311982807,-1.3292155875144633,-6.8886826048571965,8.475930540428995e-10,6.013874526304383e-09
NFATC1,7.718285617331543,8.43327592739765,-0.7149903100661072,-6.807542857102,1.024768992267179e-09,7.101887434781846e-09
OTX2,5.025322973392498,5.8407977224090155,-0.8154747490165173,-6.813811192140393,1.1350803926048003e-09,7.687589931732512e-09
TCF7,10.681793436987498,11.598318007154957,-0.9165245701674589,-6.630491244369265,1.342863003480867e-09,8.892737223051075e-09
FOXP1,30.391809917106844,32.19542661807167,-1.8036167009648274,-6.748207667085749,1.395315537618246e-09,9.039218048048636e-09
PGR,9.264014236598152,10.737075177384739,-1.4730609407865867,-6.762388556747974,2.1406799050047546e-09,1.3572821525349294e-08
SPIB,5.859147922270971,7.140981273680547,-1.2818333514095759,-6.7031434374046635,2.6087017845914843e-09,1.6143883212397195e-08
DUX4,7.591431367557804,8.436385761514359,-0.8449543939565549,-6.638355892177484,2.654531132239807e-09,1.6143883212397195e-08
MEIS2,12.575385386049733,14.143854176587535,-1.5684687905378016,-6.739447705350267,2.8474582399898753e-09,1.6970851110339656e-08
TEAD4,16.847643267632197,17.830636441051276,-0.9829931734190787,-6.551659512683347,3.3145146897771422e-09,1.9367164265756637e-08
RBPJ,10.215185029287833,11.256183915810947,-1.0409988865231146,-6.656372992213225,4.033584800634936e-09,2.3115543665177134e-08
FOXJ2,9.454639093218582,10.217381197891129,-0.7627421046725473,-6.559821176359631,4.207689958032058e-09,2.3658332216859492e-08
ATF7,11.102897023852433,11.766414440681665,-0.6635174168292313,-6.54539184758782,4.8224287901933415e-09,2.661266258291881e-08
TCF4,13.166371066451624,13.888873645153838,-0.7225025787022137,-6.264150981073136,5.369216987497291e-09,2.9091393859530778e-08
NR3C1,8.909617257683298,9.857561958256474,-0.947944700573176,-6.503147108341366,5.795615084439202e-09,3.084095169933719e-08
MAFB,11.50183733868431,12.59983917272997,-1.098001834045661,-6.446268562101472,6.198858571250728e-09,3.2408067618117846e-08
MEF2B,9.872775598424433,10.720012614790432,-0.8472370163659999,-6.443711861455494,7.283349526760084e-09,3.742134756852595e-08
NFIC,15.930162444513629,16.858192060433723,-0.928029615920094,-6.394803183243756,7.4273107654770504e-09,3.751421369681629e-08
NFE2,11.241980882487738,11.983740535505179,-0.7417596530174411,-6.378500611957282,8.229205292629668e-09,4.087171962006069e-08
PBX3,12.149764857805902,14.08544286109586,-1.9356780032899579,-6.464734386915416,9.57092299857413e-09,4.675631235369001e-08
SOX2,22.48103655164462,25.48093158489196,-2.9998950332473378,-6.393524695112879,9.91757176860577e-09,4.76683288232987e-08
GATA3,37.51513999186455,40.17411105610526,-2.65897106424071,-6.311489632318783,1.076051426777315e-08,5.089894050470474e-08
TEAD1,21.31100501812088,23.770001563504405,-2.458996545383524,-6.372819497788452,1.2096778391090158e-08,5.6325624383513546e-08
RUNX3,9.938664059883067,11.663096336484667,-1.7244322766016005,-6.306262407407146,1.4198058822842425e-08,6.509263891087759e-08
FOXO3,7.634431883444242,8.27166019173716,-0.6372283082929178,-6.17624462757765,1.5026434115113552e-08,6.784662676217938e-08
HOXB13,7.059445014616609,8.150069311276155,-1.0906242966595467,-6.320394694313847,1.5424404309901912e-08,6.86040669306085e-08
LYL1,14.296504533021961,16.07302282774542,-1.7765182947234575,-6.293167881009674,1.5759148764079318e-08,6.906215193670054e-08
POU4F2,6.527389544393856,7.385034940407736,-0.8576453960138801,-6.221391907400224,1.6284909279884727e-08,7.033192703486447e-08
ATF6,9.224742351314994,8.852038009149242,0.3727043421657523,6.036662818850107,1.7822313678309896e-08,7.587213537337642e-08
TGIF2,8.82708341227149,8.456614516638021,0.3704688956334685,6.029855704840691,2.6403403969219985e-08,1.1081992088489514e-07
CTCF,35.51678649460967,37.4490556951023,-1.9322692004926338,-6.121010867014258,2.8728668106856818e-08,1.1890476522004628e-07
MYOD1,10.286344111150383,11.437930975806896,-1.1515868646565135,-6.081973367854964,3.717183013419039e-08,1.517425394519005e-07
FLI1,13.092556730887924,14.122792612447016,-1.0302358815590917,-5.984190903182675,5.7725830791795734e-08,2.3246348075615036e-07
YBX1,-0.959347595358619,-0.4506867735251004,-0.5086608218335187,-5.7709384415326035,6.258486248797713e-08,2.4867052028556244e-07
ARNT,11.77758125400364,12.663479212367223,-0.8858979583635822,-5.932663265426672,6.376549000887593e-08,2.500278424032241e-07
TBX21,9.699907739108586,11.267582487633744,-1.5676747485251585,-5.91665868783167,6.492416960962863e-08,2.5126496809960166e-07
POU2F2,13.001742437145673,14.439580955225072,-1.437838518079399,-5.903113859310376,7.166124618100845e-08,2.7144376810800116e-07
MITF,40.97171022620658,42.70280907535581,-1.7310988491492267,-5.8813083963301205,7.195992510245669e-08,2.7144376810800116e-07
STAT1,44.79110173974676,46.79538630292823,-2.0042845631814714,-5.784529410618784,7.416419299841003e-08,2.7626161891907734e-07
LHX2,3.8104027672179286,4.39014395580311,-0.5797411885851811,-5.78887980560301,7.605094054525424e-08,2.797923491664909e-07
AHR,8.720843432679871,9.621061872836925,-0.9002184401570545,-5.943587956465196,7.795531722276128e-08,2.8330103088271784e-07
MYB,9.585097679234446,10.400362816046096,-0.8152651368116501,-5.818411195074871,1.0915541360456662e-07,3.9190738860434765e-07
PDX1,8.073096522157982,8.807657900907033,-0.734561378749051,-5.761700226201474,1.268571961381682e-07,4.50041005347311e-07
BATF,11.151054359397957,12.291576011818941,-1.1405216524209845,-5.733472483838582,1.3182452788271335e-07,4.6216128598880684e-07
HOXA9,7.000993660349038,7.537597744408296,-0.5366040840592579,-5.721474401498759,1.3469159685087558e-07,4.667220449018712e-07
BCL11A,9.18942445818801,10.02949750739536,-0.8400730492073514,-5.685380182570164,1.7505935706882845e-07,5.996286023736882e-07
FOS,40.04219150688244,41.66355773167971,-1.6213662247972707,-5.581121081913979,2.010858634560596e-07,6.809498557943836e-07
RARG,3.415608822247666,3.9496598584048352,-0.5340510361571691,-5.557209750988616,2.6982145616544063e-07,9.034471228910259e-07
MAFK,10.725566677215033,11.612627874395676,-0.8870611971806426,-5.60340970068661,2.777766832714834e-07,9.197494623878007e-07
TBP,11.366183201297913,11.791012929321017,-0.4248297280231039,-5.504651564548462,3.256127467584608e-07,1.0662922915826519e-06
CEBPE,-0.7431417359086093,-0.23075158577818972,-0.5123901501304196,-5.40161632058715,3.832759535850219e-07,1.2414808061775709e-06
SREBF2,13.41855142959231,12.319988485731953,1.0985629438603564,5.512741972834786,4.2241033992300656e-07,1.3535299064199565e-06
MAFF,9.470558749094062,10.058371711885629,-0.5878129627915669,-5.3594671105852125,4.328196766759928e-07,1.3600468021212463e-06
POU5F1,8.968982964829237,9.88129881792303,-0.9123158530937925,-5.463399485615276,4.3357196711918926e-07,1.3600468021212463e-06
NFE2L1,10.659338892561788,11.610332551374873,-0.9509936588130845,-5.480269571761923,5.329979568005741e-07,1.6545144909017818e-06
NANOG,2.452500908086706,3.182779991935637,-0.7302790838489313,-5.395092250738438,5.425869745311955e-07,1.6669166846422293e-06
PAX5,6.225316140143476,7.464046522193472,-1.2387303820499964,-5.459877183724934,6.870409508998563e-07,2.0891653404913997e-06
MYC,33.77517879698387,32.825784483875694,0.9493943131081792,5.23586619955748,9.864658712863257e-07,2.9693619155891422e-06
PPARG,8.527975172774218,9.156823545987582,-0.6288483732133638,-5.282080746804812,9.968954655699504e-07,2.970748487398452e-06
PAX6,5.950919986801478,6.513064305476735,-0.5621443186752577,-5.188695256664827,1.1311341228859801e-06,3.3374056299012083e-06
FOXM1,13.501131719341693,12.710012028314415,0.7911196910272782,5.22511337331072,1.235240011772171e-06,3.6088384657657544e-06
E2F1,37.80568050605669,36.86342944310198,0.9422510629547105,5.182603110212622,1.3144701776560317e-06,3.8030302227329846e-06
ETV6,6.207504851590474,6.482803796313244,-0.2752989447227705,-5.117495025129163,1.4369159799213618e-06,4.117316942466979e-06
CLOCK,10.10906707495695,10.816784437501838,-0.7077173625448872,-5.143571915926084,1.6819649095986029e-06,4.773576600575082e-06
SMAD3,15.333439625468596,16.264465361509437,-0.9310257360408407,-5.074150732580634,1.720299468696746e-06,4.7948983251552436e-06
ONECUT1,8.14173009336524,9.015756221731309,-0.8740261283660686,-5.121710412254434,1.721658123461782e-06,4.7948983251552436e-06
SOX11,6.907764460088525,7.82283644883733,-0.9150719887488048,-5.140218028585861,1.8597316566079634e-06,5.131481793233084e-06
RARB,1.506188027082444,1.8172546976461543,-0.3110666705637104,-5.056515777549489,2.3022569845248968e-06,6.2942438659488e-06
SP2,6.693065785397082,6.297014556058146,0.3960512293389362,5.030893624476272,2.3540503148419025e-06,6.37733630748079e-06
PBX2,11.518354959545452,12.336504573478745,-0.8181496139332936,-5.104782716509628,2.4914882964365808e-06,6.688860471514424e-06
ZEB1,12.777505822823848,13.34560109904368,-0.5680952762198324,-5.01335648203551,2.7698847106230158e-06,7.369871819336238e-06
FOXA1,38.517740777824734,40.745939041714514,-2.22819826388978,-4.917612831404402,4.032311948771566e-06,1.0633884608264837e-05
SATB1,3.905688567998876,4.293444521201858,-0.38775595320298173,-4.84648314877535,4.26197106871386e-06,1.1140941916462546e-05
MAF,7.026158010608244,7.577960342916625,-0.5518023323083812,-4.7904346508045785,6.360099278272145e-06,1.6480952912392167e-05
RXRB,1.8857345437006907,2.3155874132504177,-0.429852869549727,-4.764038797439781,7.020653640975733e-06,1.8035817112161796e-05
HOXB7,2.4683420621668035,2.827717968034142,-0.3593759058673385,-4.681568178229457,8.26955773857449e-06,2.10626342401299e-05
TFAP2C,45.907583779064666,47.772316428730164,-1.8647326496654983,-4.728231393048161,8.828786121097569e-06,2.2296425966839622e-05
MAX,12.119481637621618,12.482523952300538,-0.36304231467891945,-4.628934880362094,1.023648693702823e-05,2.563422779188582e-05
ELF5,7.172362336364269,6.8627863558318225,0.30957598053244606,4.6269855694438355,1.164891424346204e-05,2.8928137037930728e-05
PRDM14,24.045025326367476,25.310806670452344,-1.2657813440848678,-4.632153071666249,1.2815906260047638e-05,3.156314103714212e-05
JUND,11.030628996845842,11.519336529898942,-0.4887075330531001,-4.5249255955353105,1.6273321805285336e-05,3.974958932766418e-05
GATA1,7.2742250301840325,7.724978552767277,-0.45075352258324486,-4.569383384066555,1.751735941031604e-05,4.244043174206651e-05
XBP1,6.471686666603051,6.925698820983358,-0.4540121543803073,-4.564007691950422,1.80165665369277e-05,4.3297877645197215e-05
FOXK1,6.190247900130952,6.422659041543091,-0.2324111414121388,-4.529151493731981,1.8496066874851736e-05,4.385281221298365e-05
ETS1,51.26768515897958,52.35923126544243,-1.0915461064628502,-4.5109908729653085,1.8541793083342082e-05,4.385281221298365e-05
STAT3,18.96201556535702,19.875719886379958,-0.9137043210229372,-4.466786365646007,2.1539541838776946e-05,5.054160210988606e-05
KMT2B,7.1173576374058785,6.775585365966074,0.3417722714398046,4.475318090079597,2.265200585837424e-05,5.273670113902753e-05
ZNF584,5.414906561309892,5.268750633598769,0.1461559277111233,4.279952621021216,3.326327696514914e-05,7.684074833809646e-05
PRDM1,6.226305424951769,6.73782441952223,-0.5115189945704612,-4.35465324208769,3.5950120925563453e-05,8.240873873706084e-05
CEBPA,42.44731033646262,43.77109624019753,-1.3237859037349082,-4.329126646232383,3.7831191810203616e-05,8.605874167511968e-05
HINFP,7.9896100259904435,8.159640336848122,-0.17003031085767883,-4.1982365538946596,4.5272409638490076e-05,0.00010220589448689426
SNAPC4,9.213322041285306,8.79754187093305,0.4157801703522548,4.16921730444759,6.637844112816559e-05,0.00014872763500897254
NR4A1,7.2682727048891635,7.553748600218671,-0.28547589532950735,-4.14170880182405,7.411217210301738e-05,0.0001648166215425312
KLF13,11.978469304457409,12.39447827000398,-0.4160089655465704,-4.111988724118383,7.949744601277581e-05,0.00017548325119857178
NEUROD1,7.60202219210959,7.893694313625857,-0.29167212151626654,-4.138642441049531,8.088790979296319e-05,0.00017723968469340464
MAFG,9.905090167746772,10.324009128203274,-0.41891896045650157,-4.087248331820247,9.03007173780223e-05,0.00019642053853029668
CUX1,13.007819594879173,12.697719295772377,0.3101002991067965,4.100786228589042,9.29754042077223e-05,0.0002007729743036322
ASCL1,9.4828212834716,9.911607485592627,-0.428786202121028,-3.9903134653668837,0.00011891963331948787,0.00025484911425639094
TCF3,18.46908477770083,19.324422558011097,-0.8553377803102684,-4.049194854300014,0.00011972777179830447,0.00025484911425639094
MYCN,12.236852042373293,11.76392977919614,0.47292226317715347,3.9935053446281366,0.00012545126855115083,0.00026513814204427624
ZHX1,6.683711478683118,6.951768663838811,-0.2680571851556932,-3.984353138215776,0.0001317123652743405,0.00027533301402862895
ETV4,10.6091250948824,11.114765707539156,-0.505640612656757,-4.005317719516129,0.00013212288928219444,0.00027533301402862895
IKZF1,10.35825608887485,10.977605533017938,-0.6193494441430882,-3.977820272972008,0.00014437822595983994,0.00029878271761133547
ZBTB33,18.785588711680074,18.37873502019276,0.40685369148731354,3.952542599817337,0.00015056338989535587,0.00030943372544011067
RXRA,12.117421050940345,12.482337336024742,-0.3649162850843961,-3.9451874329026726,0.00015531665931331495,0.00031701619503676613
FOSL2,15.633792043503677,16.17835011569356,-0.5445580721898846,-3.9084674166990268,0.0001616282044145754,0.0003259893255123995
WT1,0.24729285794766132,0.5226547495121296,-0.27536189156446833,-3.8828328434216832,0.0001619007388450843,0.0003259893255123995
ATF4,15.135414984076977,14.660254082036793,0.4751609020401837,3.9050273573969028,0.000182987854861705,0.00036597570972341
MBD1,10.396148795570355,10.040939500287854,0.355209295282501,3.881748012262099,0.000185774892452954,0.0003690727863398686
CTCFL,10.989761726200946,11.613580485617582,-0.6238187594166362,-3.909263374560747,0.00018736294847578638,0.0003697626400383069
ESR1,34.9132174713294,36.01879387159311,-1.1055764002637076,-3.8501142178111567,0.0002329813891708424,0.0004567661445586252
RARA,15.933731498893932,16.487162126917063,-0.5534306280231309,-3.795450957888373,0.0002434186011003452,0.0004741094322085155
JUNB,12.684959173234414,13.143963549932513,-0.4590043766980987,-3.80015225408975,0.00025605118414669434,0.0004954756680241229
SREBF1,11.697948505489029,11.241276483954389,0.45667202153464004,3.7619691977541203,0.00029616680538079656,0.0005694045677643702
IRF3,9.949981410504215,9.437095151954885,0.5128862585493295,3.7515891822061715,0.0003095768543723167,0.0005913711705317332
ZNF263,32.20046799090219,33.43025610851905,-1.229788117616863,-3.7029325278877985,0.00036258532297760013,0.0006882192754606678
ZBED1,9.69514806770772,9.493022106363153,0.20212596134456717,3.654954945988232,0.00044177653267565083,0.0008332240932743288
CREB1,11.895719027052712,12.390263886326416,-0.49454485927370406,-3.5366763573843554,0.0005938295298369777,0.0011129635213296815
ZNF644,4.331650716769333,4.543509098590088,-0.2118583818207549,-3.5277289351739056,0.0006569297265305049,0.0012235316156630654
RFX5,14.758816795959346,15.639907243560868,-0.8810904476015224,-3.4685946004067434,0.0007545022661451713,0.0013965321447904414
STAT4,2.9523861592145124,3.2470300570826356,-0.2946438978681232,-3.4035338981359793,0.0009060225073337078,0.0016666339949718823
KLF4,8.06253298692651,8.44906715175628,-0.38653416482977043,-3.432473945368673,0.0009141906355121044,0.0016713423888503503
ZC3H8,4.019888755009119,3.796383202950693,0.22350555205842593,3.4180468325482822,0.0009570218277691041,0.00173897868704386
KLF9,17.327812836129905,17.901130694346037,-0.5733178582161322,-3.380234826124938,0.001061771530103346,0.001917623733156346
NCOA3,8.947419832109233,9.288996858898818,-0.3415770267895848,-3.3608556940358696,0.0010938067444132573,0.001963580782139462
REST,4.279281279695685,4.518545106819553,-0.2392638271238674,-3.356464407368472,0.0011311998732541002,0.002018548276824682
ZNF143,12.35944171795987,12.634590519048322,-0.2751488010884522,-3.258568106910727,0.0015738391925157636,0.002791690948629152
ATF2,11.853416976645903,12.238279839089383,-0.3848628624434802,-3.2177744964938073,0.0017787227189392124,0.003136445977774469
KLF5,20.367505722854137,19.360249526442338,1.0072561964117988,3.21268173723047,0.001972049695828406,0.003456887113863912
KLF6,12.74117585213726,13.078599356024338,-0.3374235038870772,-3.160760437511449,0.0021073190403444546,0.003672403941652909
CEBPG,10.493325373911043,10.74812519811088,-0.2547998241998375,-3.1210677076851794,0.0022905804168258936,0.0039685637454309084
MYBL2,8.093550329469242,7.8068520897694675,0.28669823969977415,3.1151637517555004,0.0023515068451768167,0.004050572484755442
RFX1,6.13591491526067,6.361313962753711,-0.22539904749304185,-3.0904961181676436,0.0025194158676142236,0.004314861658327809
KLF1,13.973332693520536,14.325084491319377,-0.35175179779884047,-3.060056413499243,0.0028707798528627127,0.004888527978017648
GFI1B,9.386092258559408,9.557531426285594,-0.17143916772618617,-3.0178294552728997,0.003175904067281296,0.005377383023010377
HIC1,-2.9051089251881304,-2.697648771399591,-0.20746015378853944,-3.0177713056902347,0.0033211275411557306,0.005591502865900609
JUN,15.622267575329843,16.312818876210308,-0.6905513008804647,-3.0016630360061076,0.0034048140658000632,0.005700194334878758
PROX1,6.679324786403291,6.900830201086334,-0.22150541468304308,-2.971291785791835,0.003448439900341625,0.005740978158110637
MXI1,19.39046472973116,19.652414002729138,-0.26194927299797754,-2.9736943311934265,0.003657010184327489,0.006054383527386621
NFKB1,19.464771749496666,20.31302765291839,-0.8482559034217232,-2.9688707886842587,0.0037473574041053874,0.006169682355930416
ELK4,8.846200643232772,9.111523695656082,-0.26532305242331056,-2.945745142428041,0.004045136509212912,0.006623355383216745
HNF1A,1.066230351126942,0.5487787859067195,0.5174515652202225,2.851177173171523,0.005289128922649811,0.008612898464205704
CREM,7.128144697813186,7.335377708931173,-0.20723301111798698,-2.845464711414,0.005334536377443439,0.008639629567816004
ARID3A,7.844778284466355,8.310099215745602,-0.4653209312792468,-2.8068303402294403,0.006063283342798143,0.00976680235758836
NR2F1,9.621229532750329,9.997544720352042,-0.3763151876017137,-2.7921578373517018,0.006205926432043402,0.009942828369617924
HIF1A,24.56768288178345,25.07577231918353,-0.5080894374000771,-2.76986287789178,0.0067503917839974725,0.010757308832252656
THAP1,15.947872750830228,15.604221845995777,0.34365090483445115,2.7543050195243493,0.00698611053972824,0.011073728408718167
MNT,16.46004526510033,16.822413246563013,-0.36236798146268256,-2.7304723186125948,0.007563831041210468,0.011926040477675764
REL,4.2570360442786015,4.619951849774996,-0.36291580549639413,-2.7084981968457047,0.007824077595433371,0.012271448018100761
NFATC2,-0.893277261174117,-0.7217654755971782,-0.1715117855769388,-2.687328593980585,0.008419905156317463,0.013136815374778031
ZNF24,6.061816389141765,5.872366017225106,0.18945037191665914,2.658515762743921,0.008786896992177733,0.013637996373275856
HNF4G,11.553531548870792,11.083921606438894,0.469609942431898,2.6748087124567683,0.008967662412392885,0.013846442481311293
IRF1,10.526466431532565,10.964507860660435,-0.43804142912786936,-2.650272030385171,0.009159310790160616,0.014069456780762183
PAX8,0.4780389888960277,0.6822042614918099,-0.2041652725957822,-2.6381228911728383,0.00960965633925891,0.014685526097944386
NR2F6,9.375663565319966,9.152082854555255,0.2235807107647112,2.6379486311195093,0.009878650606076194,0.015019581023524008
CREB3L1,7.67498344286898,7.489956368074222,0.18502707479475777,2.618568330884942,0.010142191355696164,0.01534199504567237
SOX9,11.278187256238764,10.852213526226949,0.4259737300118154,2.6315035298143035,0.01039779206830768,0.015632409125787554
EHF,6.3450832753087685,5.869875926150946,0.4752073491578228,2.628166290166888,0.010439092000106454,0.015632409125787554
ELF1,14.579129620319636,14.758919545964375,-0.17978992564473906,-2.5928876996862082,0.011057915139784085,0.016476293558278288
GRHL2,16.151187266436963,15.628547529235167,0.5226397372017964,2.574615735083316,0.01191857268783021,0.017670321696385088
HMBOX1,9.86408983071981,10.081177314261696,-0.21708748354188678,-2.538682099191615,0.012826940459691164,0.018922912163306767
ELF3,12.656731185938796,12.139820810375754,0.5169103755630413,2.512902606463514,0.014192470233458286,0.020834266648130883
TFAP4,9.158946295077616,9.407705783094698,-0.24875948801708248,-2.4917931877726196,0.014504433190752435,0.02118784848453052
BCL6,5.81189114350936,5.668800759221593,0.14309038428776688,2.449333209744049,0.015544136054942299,0.022595866070111246
HHEX,5.34774458086128,5.565444915859787,-0.21770033499850783,-2.417268355088946,0.01772592550723462,0.02564235825803843
IRF2,15.955578363213343,16.254330586463144,-0.2987522232498012,-2.3671086179268475,0.01953834077287728,0.028127659663369227
CREB3,10.300566446852823,10.146745066699681,0.15382138015314162,2.3656643612948693,0.02031215104385989,0.029101062553222343
SP1,25.63671503151337,26.13841435972857,-0.5016993282152029,-2.3503723045096354,0.02091486376673349,0.02982119331333292
MBD2,3.3819535181137224,3.6324021295157682,-0.2504486114020459,-2.2912764559424703,0.024281508558330826,0.03445661690658374
BMAL1,6.191724562159971,6.391044753314699,-0.19932019115472777,-2.288581494706606,0.024438929938630373,0.03451564512659645
ESR2,10.047455392379046,10.193062683108693,-0.14560729072964662,-2.267057995810548,0.025329018015710768,0.03560399702208401
GATA6,11.414568192773958,11.68352133594062,-0.2689531431666623,-2.2510919808973915,0.026325534003546553,0.03683102879369424
SNAI2,12.25928051670685,12.505481674528562,-0.24620115782171226,-2.2523151724560946,0.02663175979665223,0.03695649767454379
EGR1,47.09717268568157,47.704638990036536,-0.6074663043549648,-2.2498783755784633,0.02666324496653327,0.03695649767454379
SMAD4,9.624029896421362,9.952360460460783,-0.32833056403942074,-2.2271482920734247,0.028543624061638285,0.03937962949244541
E2F7,7.571660230415436,7.694716752537835,-0.12305652212239959,-2.1963112590760705,0.02997920802961497,0.04116960365357263
VDR,26.450675213333184,26.73635964439445,-0.2856844310612665,-2.1796536155855684,0.031699524191750574,0.04333237710615445
TCF7L1,3.910249007333032,4.123996259542187,-0.21374725220915503,-2.1351175893928644,0.034307211106775086,0.04668287173433322
FOXK2,15.668899183723832,15.817911161401222,-0.1490119776773895,-2.102605916415367,0.037765033422919085,0.051154454363772216
ZBTB11,9.679698148125704,9.490440501361729,0.18925764676397527,2.0812663064023385,0.04016629634743847,0.05416088828749622
KLF3,7.131135454210127,7.313863988986917,-0.18272853477678996,-2.0431640989472104,0.04343795166697742,0.05830860178720392
ELK1,16.139380710140077,15.926725734067722,0.21265497607235595,1.9917955650962595,0.04925232934340924,0.06581701410016123
RELA,17.117801820950234,17.602788950803067,-0.48498712985283277,-1.9395863226418615,0.055180166729927156,0.07340932895320666
NR1H2,7.475994510431002,7.608895002388941,-0.13290049195793863,-1.892000127465183,0.060995466295191765,0.0807851064709651
NR1H3,6.7097497645110495,6.864949014414263,-0.15519924990321332,-1.8684411381473307,0.06436705644940331,0.08487337531823977
RXRG,1.403426880163633,1.5952431498075736,-0.19181626964394072,-1.865415433226974,0.06518108437485505,0.08556811957580089
POU2F1,6.725644305289243,6.8617121894456075,-0.13606788415636473,-1.8383643484738268,0.06888955513222154,0.09003985714650008
AR,21.707360851619434,21.951407110749376,-0.2440462591299415,-1.8318150931386237,0.07040553301523317,0.0916194272425305
GATA4,-0.17107159438701625,-0.04125731968033558,-0.12981427470668067,-1.810854634677264,0.07302062275835892,0.094609328617352
DEAF1,3.922663211869486,3.7977990638455745,0.12486414802391144,1.7373667399889798,0.08490254275967181,0.10952795559472814
SNAI1,-1.3012307718129403,-1.155133966844972,-0.14609680496796829,-1.7107727984032928,0.09174125365192697,0.11784005857014757
ZNF740,13.57059928092614,13.39291342656654,0.17768585435960027,1.6966250327906098,0.09315533674535173,0.11914287703911938
CEBPD,14.263941814767675,14.448260639391599,-0.18431882462392402,-1.657533786612943,0.100220007600208,0.12763060796949566
ETS2,6.765763653850648,7.028673654064572,-0.26291000021392374,-1.6337014827651082,0.10613271553475898,0.13458531586960926
NFYB,16.58278588862255,16.49232469428117,0.09046119434137978,1.6289321984988883,0.10698994504543591,0.13509747298110128
E2F5,3.547033279766017,3.465999371681694,0.08103390808432298,1.5638969979064725,0.1202036476177459,0.15114213919868474
TCF7L2,13.84612014853797,14.073155213837564,-0.22703506529959405,-1.5372069111130635,0.12735430690398022,0.15946043469489962
SOX13,11.804721570771486,11.979368384367934,-0.17464681359644807,-1.5023533220821488,0.13623706583672798,0.16986881012278215
ZKSCAN1,11.951551186710546,11.804135882157631,0.14741530455291496,1.465395580235298,0.14604687790466986,0.18134154006496506
RFX2,4.465344273950507,4.535472191100174,-0.0701279171496676,-1.4347347201225462,0.1535550946942851,0.18987310464272597
GABPA,14.42640977114282,14.312310837044562,0.11409893409825855,1.399521516526294,0.16444587650868614,0.2024994677668945
SP4,13.514697974313517,13.430673969873272,0.08402400444024494,1.397307793491609,0.1651266362754139,0.20250097781923188
TFAP2A,14.212327217888602,14.034237556910295,0.1780896609783067,1.391625580668145,0.16766355373796937,0.2047694221881757
STAT6,3.8056423226571194,3.9096998729585586,-0.10405755030143915,-1.3831950108869662,0.16994523911295897,0.20645363170912254
NFYA,14.739895674884073,14.844689902203791,-0.10479422731971866,-1.3843696054222483,0.1704281657733025,0.20645363170912254
ZNF384,17.85143657104681,17.988477850268932,-0.13704127922212095,-1.308448374156998,0.19409460793425412,0.2341708225279665
USF1,14.321226601855646,14.48373597351853,-0.1625093716628836,-1.25717347467143,0.2119299583807181,0.25465777257037897
CEBPB,8.616988683537876,8.793861765153496,-0.17687308161561965,-1.2539868449589626,0.21298887982566936,0.25490235416887336
ESRRA,13.664182057334969,13.513226149477717,0.15095590785725221,1.2476201825735054,0.21537979585503375,0.2567327166592002
TP63,12.447132622644954,12.698498594384349,-0.25136597173939457,-1.2365896326053019,0.21961361994545217,0.2607364890189034
GLI2,0.9527125572128878,0.8747034056699965,0.07800915154289134,1.171475213944542,0.24352837433073554,0.28798196647047297
NR5A1,-1.1067582865655634,-1.1585285562705996,0.051770269705036176,1.164637430788477,0.24621438595904407,0.29000745856045507
KDM5B,10.349148935083186,10.41494261111283,-0.06579367602964403,-1.1546761008001605,0.2511508282778618,0.2946572709716646
ZNF197,5.196562086407541,5.136828990801332,0.059733095606208764,1.1290442134260499,0.2618014573079676,0.30594836971676215
BACH1,15.132570689066817,15.04474045951756,0.08783022954925812,1.1249637433668187,0.2631955791796823,0.3063761038888489
SMAD5,6.512317590431658,6.574336608407611,-0.06201901797595344,-1.121428622134777,0.264522757078036,0.3067228856391235
YY1,4.222983622646089,4.169089130642874,0.05389449200321472,1.1104912777202214,0.26912832843231865,0.31085365066988746
ZFX,15.731403103293053,15.645212735582028,0.08619036771102451,1.097284440451055,0.27558113128874046,0.3170779039538404
ZBTB7A,19.069528046582377,19.278364841368436,-0.208836794786059,-1.0891760474373389,0.2786692228523058,0.31939780157687353
CDX2,9.252615901968253,9.60336001032964,-0.35074410836138625,-1.0742212317124433,0.2853582648376016,0.3258113521900586
FOXO4,6.762770086854314,6.830993964324562,-0.06822387747024816,-1.0686297184071594,0.28723931577591727,0.3267073133634479
NCOA2,9.544682775317664,9.450806327595886,0.09387644772177772,1.0516234509367104,0.29532035753792774,0.33462154580343145
ATF1,13.941194282089839,13.863923825161192,0.07727045692864642,1.026222319860481,0.3071290216240602,0.34668351683321946
NR1H4,0.06982033899019749,0.15974498503122167,-0.08992464604102418,-1.003499031937684,0.317798651984663,0.3573735784582248
EPAS1,15.128200144568003,15.250870733487082,-0.12267058891907823,-0.9601993220170839,0.3390814663144146,0.3798732216605096
BHLHE40,16.08107636729347,16.176266557262757,-0.09519018996928708,-0.9248932867955925,0.3571874904777902,0.3986586972373838
FOXL2,4.1205580115221245,3.991132575286264,0.12942543623586067,0.9149636601136337,0.36269544654611297,0.4032956830997823
SIX5,8.21715776909528,8.330876762744609,-0.11371899364932858,-0.8918678139886788,0.3743090603082747,0.41466208167979873
HSF1,15.719436708409209,15.647061069955608,0.07237563845360029,0.8070534828353648,0.42134808715423655,0.4650434443406018
ARID2,11.564144326350483,11.480178840906829,0.08396548544365423,0.7648202077338808,0.4461974117390105,0.49065250442149494
HES1,0.6343686233903663,0.6882080731501476,-0.05383944975978139,-0.7426839205547783,0.4594118205064288,0.5033261857018962
ZNF217,7.433941810965389,7.501111212554525,-0.06716940158913598,-0.7357301089036894,0.4636367312005517,0.5060943073178183
NR1I2,1.3970979869344031,1.4900362356072563,-0.09293824867285316,-0.7282778847344827,0.46810683370082795,0.5091088921271778
NRF1,15.226895897863487,15.17244048450572,0.0544554133577666,0.713695185171942,0.4771185332070407,0.5170229923479932
KMT2A,10.19644108527647,10.294067305768497,-0.0976262204920264,-0.663329586707227,0.5087239747032597,0.5492744364549688
ZNF639,11.757740811572319,11.825668220897565,-0.06792740932524666,-0.6538366252111009,0.515091323077504,0.554141567787351
LEF1,6.739012647521328,6.810071721917776,-0.0710590743964481,-0.6359698049908965,0.526345441683913,0.564212020222324
NR5A2,7.070180313202913,7.1128213298940235,-0.04264101669111042,-0.5999176510894152,0.5503555612941042,0.5878349722782906
FOSL1,9.322202169297977,9.385350525179305,-0.06314835588132794,-0.5734999220186866,0.5675557705922907,0.604041498701795
MAZ,17.882691342517194,17.800296188080317,0.0823951544368775,0.51481609077415,0.6078103751080728,0.6445818212889882
ZNF274,5.476001922617573,5.428709325439369,0.047292597178203444,0.4851033325674271,0.6286621449395196,0.6643309191204851
LHX4,-1.3346756789917127,-1.3473629320413527,0.012687253049640024,0.46976815361931484,0.6392324964088466,0.6731140774905876
HNF1B,7.648345249550152,7.57073566648685,0.07760958306330235,0.452494184665488,0.652097062793485,0.6842426926495019
PPARA,3.8526624313760216,3.9216302066893003,-0.06896777531327869,-0.4277062676135493,0.6697802809354884,0.7003316621711422
STAT2,17.900137158982453,17.794919058798698,0.10521810018375533,0.40701967871667294,0.6847086753468091,0.7134377106760459
ZNF592,7.856128834197797,7.88306953252909,-0.026940698331292978,-0.40011929560011894,0.6899459022918806,0.7163898218919178
IRF9,11.946260408274998,11.905074435701646,0.0411859725733521,0.30386344415939404,0.7618356519570861,0.7882882787611516
FOXA2,8.830455216352323,8.79829972831869,0.03215548803363255,0.25350672241927835,0.800364670689959,0.8252895220263244
HBP1,10.288254077733086,10.303370313508719,-0.015116235775632703,-0.20893569752240893,0.8349795465117661,0.8580134650362287
IRF8,2.4677494713347876,2.4807787519658486,-0.013029280631061013,-0.18849779467346497,0.8508636794930855,0.8713311906836407
E2F6,8.49598773071818,8.480374248605054,0.015613482113126409,0.1723626425114691,0.8634986730493337,0.8812417964681556
HNF4A,44.54258719479889,44.585184758463896,-0.04259756366500511,-0.12152696053460395,0.9035441230713456,0.9189629647619829
SMAD1,7.2036544766336394,7.214498362802697,-0.010843886169057626,-0.10811392831555305,0.9141122199893722,0.9265491209416085
NCOA1,10.086836227869586,10.079671234103225,0.00716499376636115,0.07791597214000573,0.9380621959837121,0.9476018115360888
USF2,16.623696226993367,16.618452655084237,0.00524357190912994,0.04148953702733453,0.9669913766007651,0.9735251021183379
NFE2L2,15.201242632694122,15.198766430994397,0.002476201699725067,0.02098987892245099,0.9832983088719773,0.986609077588718
SP3,8.708040485802869,8.706870330889224,0.0011701549136446943,0.008775471233833453,0.9930183397077903,0.9930183397077902
