index,Name,Term,ES,NES,NOM p-val,FDR q-val,FWER p-val,Tag %,Gene %,Lead_genes
0,prerank,E2F Targets,0.7943293481001015,3.317506037436517,0.0,0.0,0.0,146/200,10.12%,AURKA;CCNE1;TOP2A;CSE1L;SPAG5;MYBL2;DSCC1;ATAD2;KIF2C;GINS1;CKS1B;CDK1;UBE2T;MELK;SPC25;KIF4A;ORC6;TRIP13;RFC3;CDKN2A;KIF18B;RACGAP1;TIMELESS;MSH2;DEPDC1;PLK4;MCM7;BIRC5;CDCA3;CCNB2;CDC20;TCF19;CDCA8;RAD21;RAD51AP1;BUB1B;TMPO;DLGAP5;TUBG1;DONSON;MMS22L;HMMR;ESPL1;MAD2L1;BRCA1;PSMC3IP;KPNA2;KIF22;E2F8;SNRPB;CENPE;RAD1;XPO1;SMC4;PLK1;CDC25A;BRCA2;CDC25B;PRIM2;MCM3;MCM4;AURKB;CIT;MTHFD2;PA2G4;ASF1B;RPA3;PCNA;STMN1;NOP56;HMGB3;CHEK1;TK1;CKS2;EZH2;GINS4;PTTG1;CHEK2;CTPS1;POLD2;UBE2S;CDKN3;TBRG4;NASP;DIAPH3;NUP107;RFC2;MKI67;MCM6;TACC3;POP7;SPC24;CNOT9;POLE;NCAPD2;ANP32E;ORC2;USP1;RRM2;SLBP;BARD1;MCM2;NME1;POLA2;PAICS;SRSF1;RAN;SSRP1;TIPIN;MRE11;UNG;LIG1;ZW10;LYAR;SMC3;DEK;HELLS;PAN2;SRSF2;ILF3;RANBP1;NUP205;EXOSC8;AK2;NOLC1;PRKDC;DDX39A;GINS3;TFRC;HMGA1;CENPM;H2AZ1;SUV39H1;POLD1;CDK4;SMC6;HUS1;JPT1;H2AX;NUP153;HMGB2;POLD3;DCLRE1B;SHMT1;WDR90;DCTPP1
1,prerank,Epithelial Mesenchymal Transition,-0.6537862692171038,-3.1823849660595,0.0,0.0,0.0,120/200,13.13%,SLIT3;ABI3BP;DCN;CALD1;SFRP1;TPM1;WIPF1;PTX3;FERMT2;FLNA;RHOB;MYLK;FSTL1;TNC;ACTA2;COL6A2;SGCD;DPYSL3;MYL9;ITGB3;ITGA5;ECM2;TPM2;LAMA2;TAGLN;SLIT2;IGFBP4;GLIPR1;GAS1;PCOLCE;MGP;FBLN1;EMP3;COL6A3;VIM;FGF2;CXCL12;CAP2;EFEMP2;FBLN5;GEM;PMP22;FBN1;COL3A1;SGCB;CDH11;THY1;LUM;TIMP3;FBLN2;LGALS1;PDGFRB;VCAM1;PRRX1;ELN;MATN2;TGFBR3;FAS;VEGFC;MFAP5;GREM1;CCN1;GJA1;CCN2;LOX;BASP1;NNMT;COL4A2;TGFB1;SNAI2;GPX7;TIMP1;TGFBI;THBS1;CRLF1;PDLIM4;MAGEE1;COL8A2;RGS4;COL1A2;NOTCH2;COL5A1;SPARC;COL16A1;DAB2;LRP1;MMP2;SFRP4;COL1A1;JUN;BGN;FZD8;SCG2;HTRA1;LOXL1;IL15;VCAN;NID2;TFPI2;GADD45B;SPOCK1;SGCG;IL6;THBS2;COL5A2;DST;FN1;FMOD;EDIL3;PCOLCE2;FAP;COL4A1;CD44;GADD45A;SERPINE2;ANPEP;PTHLH;CD59;ITGAV;LAMC1
2,prerank,Myogenesis,-0.619183176912855,-3.0030215649482495,0.0,0.0,0.0,87/199,9.39%,CFD;PYGM;MEF2C;ITGA7;CKMT2;SMTN;FHL1;LDB3;IGF1;PTGIS;COX7A1;MYLK;CRYAB;COL6A2;SVIL;CASQ1;SGCD;TPM2;SORBS1;GSN;LAMA2;GNAO1;CD36;DMD;HSPB8;TAGLN;DMPK;EFS;SPEG;MRAS;MYH11;LSP1;COL6A3;FGF2;GPX3;CACNA1H;SGCA;IGFBP7;SCHIP1;SOD3;TNNT3;SSPN;COL15A1;PKIA;WWTR1;PDLIM7;COL3A1;DES;PVALB;CASQ2;MYL4;DTNA;MEF2A;PRNP;ACTA1;SH3BGR;HSPB2;DENND2B;CNN3;PPP1R3C;MYOM1;REEP1;APLNR;COL4A2;TGFB1;FXYD1;HRC;NCAM1;SPARC;ADCY9;MEF2D;APOD;NOS1;MYH9;COL1A1;GJA5;CKB;MYO1C;KCNH2;ACTN2;CTF1;CLU;AEBP1;GADD45B;TSC2;FOXO4;SGCG
3,prerank,Myc Targets V1,0.7055943000618908,2.9497065827843203,0.0,0.0,0.0,136/200,18.64%,EIF2S2;HDGF;RFC4;PSMA7;PSMD14;MCM7;SNRPA1;HSP90AB1;EIF3B;ILF2;CDC20;PSMD3;CCT3;HSPD1;CDK2;CDC45;ACP1;MAD2L1;XPOT;KPNA2;SNRPG;XPO1;CCT5;CBX3;SET;MCM4;HSPE1;GLO1;SSB;SNRPD1;PA2G4;DDX18;PCNA;NOP56;CCNA2;TCP1;HNRNPA2B1;TARDBP;PSMB3;CTPS1;POLD2;STARD7;CCT4;UBA2;CSTF2;HDAC2;MCM6;PTGES3;POLE3;PSMC4;BUB3;ORC2;USP1;PPM1G;MRPL9;DDX21;MCM2;NME1;EPRS1;CLNS1A;SRSF1;ABCE1;SF3B3;KPNB1;RAN;ODC1;HNRNPU;PPIA;AIMP2;SRPK1;RUVBL2;MRPS18B;RRM1;PSMB2;DEK;DHX15;TRIM28;RRP9;CCT7;VBP1;NCBP2;SRSF2;GNL3;RANBP1;HPRT1;NOLC1;PSMC6;CCT2;TFDP1;CANX;CAD;IARS1;SRSF7;FBL;TYMS;H2AZ1;CDK4;PRPF31;PSMA2;PSMA4;COPS5;SNRPB2;LSM2;HNRNPR;PGK1;PABPC1;SERBP1;PRDX3;PRDX4;SRSF3;SNRPD2;PHB;RNPS1;IFRD1;SNRPA;APEX1;PSMA1;CYC1;PWP1;ERH;PRPS2;PSMD8;LDHA;RAD23B;NOP16;NCBP1;KARS1;SRM;GSPT1;YWHAE;TRA2B;TOMM70;YWHAQ;HNRNPC;PSMD1;MRPL23
4,prerank,G2-M Checkpoint,0.7039827256360869,2.9429462313982113,0.0,0.0,0.0,119/200,8.80%,UBE2C;AURKA;TPX2;TOP2A;CDC6;E2F1;TRAIP;TROAP;NEK2;CENPA;MYBL2;KIF23;KIF2C;CKS1B;CDK1;BUB1;RBL1;TTK;KIF4A;ORC6;TOP1;RAD54L;RACGAP1;DBF4;NDC80;PLK4;BIRC5;KIF15;CCNB2;POLQ;CDC20;DTYMK;SQLE;CENPF;EXO1;FBXO5;E2F3;STIL;CDC45;RAD21;PRC1;TMPO;HMMR;SMC2;ESPL1;MAD2L1;KPNA2;KIF22;CENPE;XPO1;CCNF;SMC4;PLK1;ODF2;CDC25A;BRCA2;CDC25B;PRIM2;DKC1;MCM3;AURKB;SNRPD1;STMN1;CCNA2;HMGB3;CHEK1;NCL;KIF20B;KIF11;CKS2;EZH2;PTTG1;UBE2S;CDKN3;PBK;LIG3;NSD2;NASP;GINS2;MKI67;MCM6;TACC3;KNL1;POLE;BUB3;TENT4A;H2BC12;BARD1;E2F2;SRSF10;MCM2;POLA2;SRSF1;KPNB1;INCENP;ODC1;HNRNPU;SLC7A5;CDC7;ORC5;SRSF2;ILF3;NOLC1;DDX39A;CCND1;HOXC10;TFDP1;HMGA1;CUL4A;SFPQ;H2AZ1;SUV39H1;RBM14;FANCC;CDK4;HUS1;JPT1;H2AX;AMD1
5,prerank,UV Response Dn,-0.5974962677703328,-2.7756419216284387,0.0,0.0,0.0,74/144,12.17%,PRKAR2B;CELF2;ATP2B4;SYNE1;DLC1;LPAR1;CDON;ITGB3;MAP1B;PTGFR;EFEMP1;KCNMA1;LTBP1;CITED2;AKT3;MAGI2;PIK3CD;AMPH;CAP2;FBLN5;RBPMS;PTPRM;SCHIP1;IGFBP5;DUSP1;PMP22;NR3C1;COL3A1;PDGFRB;PRDM2;SDC2;TGFBR3;TGFBR2;CCN1;PTEN;GJA1;MMP16;SPOP;NFIB;ATXN1;KIT;PTPN21;SNAI2;PDLIM5;PRKCE;RGS4;COL1A2;NOTCH2;ARHGEF9;DAB2;PIK3R3;ADGRL2;BMPR1A;COL1A1;FYN;VLDLR;CAV1;PLPP3;NRP1;GRK5;ATRX;FHL2;HAS2;MAP2K5;KALRN;ZMIZ1;AGGF1;MT1E;COL5A2;CDKN1B;NFKB1;DYRK1A;WDR37;NEK7
6,prerank,Allograft Rejection,-0.5521852777251529,-2.640144729417444,0.0,0.0,0.0,108/200,16.20%,PRKCB;ELANE;MAP4K1;WAS;FLNA;IL16;CD79A;SIT1;CD1D;NCF4;CCL19;CFP;HCLS1;ITK;LY86;PTPRC;HLA-DOB;LTB;CXCL13;ITGAL;THY1;CD3D;ST8SIA4;FCGR2B;CXCR3;CCND2;CD40LG;CD28;CD3E;APBB1;CD247;FAS;CCL22;CD3G;STAB1;TLR3;CCR5;TRAT1;GPR65;ETS1;TLR6;CD8A;SOCS5;SPI1;CRTAM;TGFB1;HLA-DQA1;TIMP1;CD96;SRGN;ITGB2;TLR1;PTPN6;CCR2;CCL5;ZAP70;GBP2;FYB1;CD2;CARTPT;IL10;NLRP3;CD4;CD74;IL2RB;F2R;IRF4;IL15;IGSF6;IL12RB1;KLRD1;STAT4;IL12B;CCL11;HLA-DMB;HLA-DOA;FGR;RPL9;CSF1;IL2;NCK1;HLA-DRA;CCL2;LCP2;IL6;JAK2;ICOSLG;RPS9;CCL13;B2M;IL2RG;FASLG;IL4R;IL27RA;LCK;HLA-DMA;CCL4;RPS3A;CD86;PSMB10;HLA-E;ACVR2A;GZMA;CSK;SOCS1;PRF1;KRT1;CCR1
7,prerank,Myc Targets V2,0.720823534400549,2.5493569472309785,0.0,0.0,0.0,42/58,13.25%,PLK4;SLC29A2;TMEM97;HSPD1;BYSL;PRMT3;PLK1;CBX3;MCM4;HSPE1;PA2G4;DDX18;NOP56;WDR43;PUS1;MPHOSPH10;TBRG4;TFB2M;EXOSC5;AIMP2;UNG;MRTO4;UTP20;SORD;RRP9;SLC19A1;SUPV3L1;GNL3;NOLC1;WDR74;HK2;NIP7;CDK4;RRP12;DCTPP1;TCOF1;IPO4;LAS1L;NOC4L;PPRC1;PHB;IMP4
8,prerank,Inflammatory Response,-0.4978824213064583,-2.446034545002669,0.0,0.0,0.0,84/199,13.33%,NMUR1;LPAR1;IL10RA;TACR1;CCR7;ITGB3;ITGA5;EBI3;CD48;IL1R1;SELL;EMP3;PTGIR;GPR183;CD69;PDE4B;LTA;BDKRB1;VIP;CMKLR1;BTG2;CCL22;STAB1;TLR3;ABCA1;CALCRL;CCL17;SLC28A2;SLAMF1;PIK3R5;GP1BA;APLNR;IL7R;P2RX7;TIMP1;PTAFR;C5AR1;GPR132;TLR1;CCL5;KCNA3;IL10;SCARF1;NLRP3;PDPN;SGMS2;IL2RB;KLF6;RGS1;SCN1B;CD14;IL15;RHOG;CHST2;C3AR1;FPR1;GABBR1;IL12B;SELE;CYBB;TNFRSF9;HAS2;CSF1;TNFRSF1B;AXL;PCDH7;PTGER2;RASGRP1;CCL2;LCP2;MSR1;IL6;HBEGF;ICOSLG;NFKB1;HRH1;CXCR6;NFKBIA;TNFSF9;CDKN1A;IL4R;BEST1;ADGRE1;LCK
9,prerank,mTORC1 Signaling,0.5910765338241513,2.44545914389837,0.0,0.0,0.0,112/200,17.27%,AURKA;CCT6A;EIF2S2;BUB1;STIP1;PSMD14;PNO1;CACYBP;TMEM97;TRIB3;SQLE;HSPD1;PSPH;DHCR7;TUBG1;SLC1A5;CCNF;PLK1;CDC25A;MCM4;HSPE1;MTHFD2;PSME3;G6PD;HSP90B1;IDH1;TOMM40;HSPA5;PSMC4;RRM2;DDIT3;ARPC5L;UCHL5;PSAT1;MCM2;EPRS1;NUFIP1;ACSL3;HMGCS1;PPIA;SLC7A5;SLC37A4;UNG;GMPS;SORD;SLC2A1;RRP9;PRDX1;NUP205;HPRT1;HMBS;PSMC6;SRD5A1;CYB5B;PSMD12;IDI1;DDX39A;PDAP1;TFRC;YKT6;ACLY;HK2;MTHFD2L;CANX;CYP51A1;SHMT2;RPN1;TXNRD1;PSMD13;CALR;DHCR24;PSMC2;ACACA;ATP2A2;TCEA1;SC5D;PSMB5;SEC11A;PSMA4;ERO1A;SCD;PSMA3;COPS5;GTF2H1;PSMG1;EEF1E1;P4HA1;PGK1;NFKBIB;UFM1;ENO1;EBP;POLR3G;TM7SF2;HSPA9;SLC7A11;XBP1;IFRD1;GPI;GLA;NMT1;IMMT;RDH11;TBK1;FKBP2;LDHA;PPA1;PHGDH;RAB1A;TPI1;SDF2L1;ABCF2
10,prerank,Apical Junction,-0.4858675557388998,-2.3458440003888446,0.0,0.0,0.0,77/199,10.72%,NLGN3;MADCAM1;NEGR1;CADM3;NEXN;PARVA;NFASC;ARHGEF6;NRXN2;ACTG2;EVL;CLDN5;MYL9;FLNC;MSN;NLGN2;SLIT2;SPEG;PKD1;LAYN;AKT3;ITGA9;TRAF1;RAC2;PTPRC;SDC3;TRO;JAM3;PECAM1;ACTN1;MAP3K20;THBS3;FBN1;ZYX;CDH11;THY1;CADM2;CD34;VCAM1;VCL;TSPAN4;ACTA1;ICAM2;VWF;PTEN;CNTN1;CD209;CD99;ADAM23;GNAI2;TGFBI;RSU1;COL16A1;MMP2;ACTB;PIK3R3;FYB1;MYH9;ITGA10;KCNH2;TMEM8B;MAPK11;ACTN2;ADAMTS5;RRAS;PARD6G;EPB41L2;ALOX15B;VCAN;MYH10;DSC3;SGCE;CERCAM;HADH;ACTC1;RASA1;GNAI1
11,prerank,DNA Repair,0.5388001976285408,2.174228328202723,0.0,0.0,0.0,66/148,15.38%,RAE1;NELFCD;RFC4;RFC5;RFC3;POLR1C;ZWINT;SRSF6;ADRM1;PRIM1;GTF3C5;POLR2H;RAD51;RPA3;PCNA;CSTF3;ARL6IP1;RFC2;POLB;FEN1;STX3;NME1;POLA2;ITPA;BCAP31;ERCC3;SSRP1;SAC3D1;GTF2H3;LIG1;UMPS;TMED2;TARBP2;NELFE;TAF6;NCBP2;NT5C3A;POLR2K;HPRT1;POLA1;VPS37D;SNAPC4;ALYREF;POLR2G;TYMS;POLD1;POLR2J;POLR2D;RALA;POLD3;GTF2H1;TSG101;BCAM;GSDME;NELFB;DGUOK;ZNF707;CLP1;AAAS;POLR3C;ERCC2;SUPT5H;POM121;POLR2C;UPF3B;NT5C
12,prerank,TNF-alpha Signaling via NF-kB,-0.45450659329421744,-2.1739413709349047,0.0,0.0,0.0,78/200,14.61%,PTX3;RHOB;TNC;KLF9;PNRC1;IL6ST;TNFAIP8;TRAF1;DENND5A;DNAJB4;GEM;DUSP1;GPR183;CD69;PDE4B;GFPT2;EGR1;BCL6;EGR3;KLF2;BTG2;PER1;CCN1;ABCA1;MSC;SIK1;NR4A3;IL7R;PDLIM5;FOSB;PLEK;RCAN1;CCL5;CD83;STAT5A;CFLAR;SOCS3;KLF10;JUN;PLPP3;FOS;KLF6;CEBPD;SERPINB8;EGR2;IL12B;ZFP36;TNFRSF9;GADD45B;CSF1;JUNB;SPSB1;KDM6B;CCL2;BIRC3;NR4A1;IL6;ETS2;HBEGF;ICOSLG;NFKB1;TSC22D1;DUSP2;NFKBIA;TNFSF9;BTG1;CD44;GADD45A;SERPINB2;EHD1;ACKR3;CDKN1A;ATF3;CCL4;DDX58;DUSP5;SLC2A3;TNFAIP3
13,prerank,KRAS Signaling Up,-0.44899644701305286,-2.137360299465668,0.0,0.0,0.0,74/200,11.62%,CD37;GYPC;MAP4K1;TMEM100;SPARCL1;GUCY1A1;IL10RA;SPON1;CFH;GNG11;IKZF1;TRAF1;DOCK2;F13A1;ADGRA2;PECAM1;RELN;GFPT2;AKAP12;CIDEA;CCSER2;MAFB;LCP1;VWA5A;SNAP91;CCND2;CMKLR1;PRRX1;NGF;LAT2;PEG3;ALDH1A3;NAP1L2;ENG;EPB41L3;HSD11B1;NIN;ETS1;PTBP2;CAB39L;ADGRL4;BTC;LAPTM5;CXCR4;IL7R;MTMR10;ITGB2;SATB1;ITGBL1;APOD;IL33;CPE;PLVAP;LY96;NRP1;SCN1B;PRDM1;SCG5;ATG10;C3AR1;TSPAN7;FLT4;TNFRSF1B;EMP1;CLEC4A;EVI5;PLAT;BIRC3;PDCD1LG2;HBEGF;TSPAN1;CSF2RA;TLR8;ARG1
14,prerank,Unfolded Protein Response,0.5484622044405774,2.129388286987285,0.0,0.0,0.0,55/113,19.92%,CKS1B;VEGFA;ARFGAP1;NFYA;IGFBP1;XPOT;POP4;DKC1;MTHFD2;NOP56;PAIP1;CEBPG;TARS1;HSP90B1;EXOSC2;EIF4A3;HSPA5;PSAT1;BANF1;LSM4;EXOSC5;PDIA6;SLC7A5;RRP9;YWHAZ;DDX10;NOLC1;EXOSC10;IARS1;CALR;SEC11A;H2AX;EIF4EBP1;ERO1A;CEBPB;HYOU1;EXOSC4;CNOT2;PREB;HSPA9;EXOSC9;XBP1;YIF1A;SRPRB;KIF5B;FUS;ALDH18A1;KHSRP;SSR1;EIF4G1;EIF2S1;NOP14;ATF6;DNAJA4;ASNS
15,prerank,IL-2/STAT5 Signaling,-0.43733060784239347,-2.1115257690816267,0.0,0.0,0.0,79/199,13.93%,CD79B;ITIH5;GLIPR2;FGL2;SELP;GUCY1B1;BCL2;SHE;RHOB;IL3RA;IL10RA;RHOH;SYT11;CD48;SELL;ADAM19;PENK;TRAF1;COL6A1;DENND5A;PTH1R;MAP6;CCR4;LTB;PLPP1;NCS1;WLS;AHNAK;CCND2;RORA;PRNP;PRKCH;SOCS2;GABARAPL1;GPR65;HOPX;TLR7;CD81;EOMES;PTCH1;LRIG1;LRRC8C;SWAP70;CD83;CST7;TWSG1;IL10;MYO1C;IL1RL1;IL2RB;KLF6;NRP1;TIAM1;IRF4;GATA1;ETFBKMT;IKZF4;TNFRSF9;GADD45B;CSF1;TNFRSF1B;BMPR2;EMP1;PTGER2;PRAF2;PIM1;CD44;PLAGL1;BATF3;CDC42SE2;ITGAV;TNFRSF4;IL4R;F2RL2;FLT3LG;SNX9;CAPN3;RNH1;CD86
16,prerank,IL-6/JAK/STAT3 Signaling,-0.4875539087063711,-2.0670486318975496,0.0,0.0,0.0,32/87,12.21%,IL3RA;ITGB3;CD36;EBI3;IL1R1;IL6ST;A2M;CSF2RB;LTB;CXCL13;LEPR;FAS;ACVRL1;PIK3R5;TGFB1;SOCS3;IL9R;JUN;ITGA4;PDGFC;CD38;CD14;IL12RB1;CSF1;TNFRSF1B;IL17RA;IL6;PIM1;CSF2RA;STAT3;CD44;IL2RG
17,prerank,Spermatogenesis,0.4952818147157317,1.9793121796167361,0.0,0.0,0.0,51/134,12.81%,AURKA;NEK2;KIF2C;CDK1;BUB1;NCAPH;RFC4;TTK;GMCL1;DBF4;GAD1;TKTL1;CCNB2;MAP7;NAA11;TEKT2;TCP11;COIL;EZH2;TOPBP1;TSN;CDKN3;PARP2;H1-6;PHKG2;PCSK1N;TUBA3C;RPL39L;STRBP;CLVS1;AGFG1;LDHC;ACRV1;ELOVL3;DMC1;CLPB;AKAP4;CST8;SCG3;ADAM2;ZC2HC1C;YBX2;DDX4;TALDO1;MTNR1A;PSMG1;ALOX15;TNNI3;MLF1;ZPBP;DMRT1
18,prerank,Interferon Gamma Response,-0.4049780822428368,-1.9557923575942573,0.0,0.0,0.0,70/200,14.70%,FGL2;SELP;IL10RA;CFH;C1R;GPR18;BANK1;C1S;CSF2RB;CD69;PDE4B;SSPN;EIF4E3;TXNIP;ST8SIA4;SERPING1;VCAM1;CMKLR1;MARCHF1;FAS;P2RY14;KLRK1;NOD1;HLA-DQA1;ST3GAL5;CIITA;PTPN6;IL18BP;CCL5;SOCS3;IFITM2;ARID5B;CD74;IL2RB;ITGB7;IRF2;CD38;IRF4;IL15;VAMP5;STAT4;FPR1;SAMHD1;AUTS2;SP110;SLC25A28;LATS2;CASP1;CCL2;LCP2;IL6;JAK2;PIM1;NFKB1;HLA-DRB1;RAPGEF6;STAT3;NFKBIA;BTG1;B2M;CDKN1A;IL4R;HLA-DMA;DDX58;CD86;HERC6;TNFAIP3;PSMB10;PML;SPPL2A
19,prerank,Glycolysis,0.4500108094283665,1.887727027452789,0.0,6.78575669669364e-05,0.001,81/198,19.02%,AURKA;CENPA;CDK1;CLDN9;SLC25A13;DEPDC1;TKTL1;NANP;VEGFA;ABCB6;HMMR;KIF20A;STMN1;G6PD;MED24;SOX9;MET;IDH1;NASP;HSPA5;PSMC4;SLC25A10;SPAG4;ANKZF1;LCT;HS2ST1;PPIA;SLC37A4;RPE;GAL3ST1;LDHC;HK2;POLR3K;MIOX;AGRN;FKBP4;CLN6;B3GALT6;GNPDA1;COG2;TALDO1;ERO1A;ARTN;P4HA1;PGK1;BIK;CLDN3;PAXIP1;ELF3;PKM;HOMER1;ENO1;SLC16A3;PC;NSDHL;MDH2;EFNA3;TGFA;ECD;HAX1;BPNT1;GFPT1;SRD5A3;RBCK1;PHKA2;LDHA;GMPPA;TPI1;PLOD1;ZNF292;GUSB;PMM2;B4GALT1;B3GNT3;LHX9;GALE;NOL3;COPB2;PRPS1;GNE;RRAGD
22,prerank,Mitotic Spindle,0.431421945380511,1.8078584260749746,0.0,0.00024428724108097104,0.004,70/199,15.94%,AURKA;TPX2;TOP2A;ANLN;NEK2;KIF23;KIF2C;CDK1;BUB1;TTK;SASS6;KIF4A;STAU1;RACGAP1;ECT2;NDC80;CEP72;BIRC5;KIF15;CCNB2;CKAP5;CENPF;FBXO5;KIF3B;KNTC1;PRC1;DLGAP5;ESPL1;MAPRE1;KIF22;CENPE;CD2AP;SMC4;PLK1;BRCA2;LRPPRC;PIF1;KPTN;KIF20B;KIF11;INCENP;ALS2;SAC3D1;SMC3;TUBD1;CENPJ;PPP4R2;CEP131;SHROOM2;ATG4B;CEP250;BCL2L11;NF1;TUBGCP3;CYTH2;HDAC6;RASAL2;CTTN;ARFIP2;RICTOR;MAP3K11;ARFGEF1;SHROOM1;ARHGEF11;NUSAP1;NET1;ABI1;SMC1A;KATNA1;ARHGAP27
20,prerank,Hypoxia,-0.3890605011632811,-1.8781476536678359,0.0,0.00040490873979941443,0.002,69/199,14.61%,SRPX;PYGM;DCN;BCL2;CAVIN1;TGFB3;PAM;PNRC1;CITED2;HAS1;SDC3;DUSP1;NR3C1;CCN5;AKAP12;DTNA;CSRP2;RORA;SDC2;CCN1;PPP1R3C;ETS1;CCN2;LOX;CXCR4;LXN;TGFBI;KLF7;COL5A1;DPYSL4;MYH9;VLDLR;NDST1;PHKG1;CAV1;JUN;CAVIN3;BGN;IDS;FOS;NAGK;KLF6;CHST2;ZFP36;MXI1;TMEM45A;ALDOB;GCK;SLC2A5;AMPD3;MT1E;IL6;CDKN1B;BNIP3L;PIM1;LARGE1;BTG1;CHST3;ACKR3;PDK3;CDKN1A;ATF3;DDIT4;ANGPTL4;GRHPR;GLRX;TPST2;SLC2A3;TNFAIP3
21,prerank,Complement,-0.38302361135377855,-1.835417216958473,0.0,0.0005606428704914969,0.003,78/200,15.36%,GNG2;CSRP1;WAS;ZEB1;CFH;CD36;C1R;PIK3CG;ZFPM2;CTSO;C1S;F8;GZMK;RBSN;C3;CR1;CR2;FCN1;GNB4;SERPING1;CD40LG;DOCK10;GNGT2;SH2B3;PIK3R5;GP1BA;KCNIP2;COL4A2;GNAI2;CALM1;TIMP1;CPQ;APOBEC3G;TIMP2;PLEK;LRP1;CCL5;FYN;C1QA;ACTN2;IRF2;ITGAM;PRCP;RHOG;CLU;TFPI2;DOCK4;NOTCH4;SPOCK2;C1QC;RASGRP1;PLAT;CASP1;LCP2;ERAP2;IL6;JAK2;GATA3;PIM1;FN1;APOBEC3F;DGKG;HPCAL4;LGMN;SERPINB2;EHD1;PFN1;AKAP10;CD59;KLK1;LCK;DUSP5;S100A12;L3MBTL4;TNFAIP3;USP16;MMP14;GZMA
23,prerank,Apoptosis,-0.36619218203191534,-1.6901700672374378,0.0,0.0026029847558533786,0.015,60/161,14.39%,PLPPR4;DCN;RHOB;GSN;IGFBP6;HGF;ADD1;GPX3;CYLD;FEZ1;CD69;TXNIP;EGR3;LUM;TIMP3;PDGFRB;CCND2;BCL2L2;BTG2;AVPR1A;TGFBR3;FAS;TIMP1;TIMP2;SATB1;MMP2;CD2;PLCB2;CFLAR;DPYD;NEFH;CAV1;PEA15;JUN;BGN;F2R;CD38;CD14;CLU;GADD45B;EMP1;PLAT;CASP1;BIRC3;IL6;HSPB1;CDKN1B;BNIP3L;CD44;PPP2R5B;GADD45A;CDKN1A;PDCD4;FASLG;ATF3;LEF1;CREBBP;CCNA1;ETF1;SPTAN1
24,prerank,UV Response Up,0.39370525157458763,1.613054506779409,0.0,0.0041639870638801885,0.07,55/158,12.61%,COL2A1;CCNE1;GGH;RFC4;STIP1;CHKA;CTSV;CDK2;CLCN2;POLR2H;PRPF3;PPAT;STARD3;ATP6V1C1;E2F5;CEBPG;TARS1;PARP2;POLE3;FEN1;SPR;DDX21;NUP58;HNRNPU;DNAJA1;BID;CYB5B;CDC5L;PDAP1;TFRC;YKT6;SIGMAR1;EPCAM;CCK;FKBP4;RPN1;AGO2;MAPK8IP2;H2AX;AMD1;MARK2;GRINA;BCL2L11;GLS;PSMC3;TCHH;FURIN;KLHDC3;AQP3;GRPEL1;CXCL2;CNP;PPT1;SHOX2;CASP3
25,prerank,Oxidative Phosphorylation,0.3830466694159161,1.5984324774050858,0.0,0.004631278945493409,0.085,105/200,37.14%,LRPPRC;ATP6V1C1;IDH1;MTX2;CYCS;NQO2;MTRF1;TIMM50;TIMM10;PDP1;MRPL15;PDHX;ATP5F1E;SUPV3L1;ATP6AP1;POR;MRPS12;IDH3B;ATP6V0B;NDUFV2;NDUFS6;MRPS30;UQCRFS1;MRPL11;PMPCA;RHOT1;FH;NDUFS2;COX6C;GRPEL1;AFG3L2;MTRR;TIMM17A;PRDX3;MRPS15;AIFM1;HSPA9;MDH2;GPI;ATP6V1G1;NDUFB3;PDHA1;ATP5F1C;IMMT;CYC1;SUCLG1;ATP5MF;FDX1;LDHA;CS;TOMM70;SLC25A5;OAT;ATP5F1B;DLAT;NNT;SDHC;TOMM22;COX7A2L;VDAC1;ECHS1;POLR2F;UQCRH;DLD;ATP5MC3;COX6A1;SDHB;IDH3A;NDUFA8;SURF1;SUCLA2;RHOT2;PHYH;COX5B;ATP5MC1;NDUFS3;HSD17B10;ECI1;NDUFB6;COX5A;NDUFAB1;MRPS11;COX17;TIMM13;MRPL35;OPA1;ECH1;TIMM8B;ETFB;COX7A2;NDUFS8;SDHA;ATP6V1H;GPX4;LDHB;HCCS;ABCB7;TIMM9;ATP1B1;NDUFC1;ALAS1;NDUFB5;MRPS22;BAX;HTRA2
26,prerank,Pperoxisome,0.41067510206133695,1.5736324084992455,0.0,0.005590419555506838,0.111,32/104,14.58%,TOP2A;ALB;MSH2;SERPINA6;TTR;ACOT8;CTPS1;IDH1;CRABP1;ABCB9;SLC35B2;DIO1;ERCC3;SCGB1A1;PRDX1;SLC25A19;IDI1;DHCR24;CLN6;PEX13;SLC25A17;FDPS;PABPC1;HAO2;HRAS;ABCD3;CADM1;ABCD1;CACNA1B;FABP6;ABCC8;RDH11
27,prerank,Adipogenesis,-0.325995876890193,-1.571857867221656,0.0,0.005992649349031334,0.035,43/200,10.21%,CAVIN2;FABP4;ITIH5;ITGA7;SPARCL1;MYLK;ADIPOQ;CAVIN1;SORBS1;CD36;PTGER3;LAMA4;HSPB8;PHLDB1;LTC4S;OMD;GPX3;LEP;C3;FZD4;SSPN;COL15A1;CIDEA;BCL6;STOM;ABCA1;RNF11;LPL;CD302;LIPE;ENPP2;ANGPT1;STAT5A;LIFR;ITSN1;NKIRAS1;REEP5;UCP2;CYP4B1;SNCG;ACADS;EPHX2;HADH
28,prerank,Coagulation,-0.33650682279100713,-1.560359757584365,0.0,0.006529153429265557,0.041,50/138,14.11%,CFD;CSRP1;ITGB3;GSN;CFH;C1R;CTSO;A2M;PRSS23;C1S;F8;PECAM1;C3;FBN1;TIMP3;SERPING1;ISCU;VWF;CTSK;GP1BA;TIMP1;CPQ;THBS1;ACOX2;KLF7;PLEK;SPARC;LRP1;MMP2;FYN;THBD;C1QA;CRIP2;HTRA1;CLU;TFPI2;RAPGEF3;PLAT;DCT;FN1;PROS1;LGMN;SERPINB2;P2RY1;GNG12;F2RL2;HMGCS2;WDR1;USP11;CFI
29,prerank,Hedgehog Signaling,-0.41958651569012373,-1.496613933365278,0.021406727828746176,0.010861081491090175,0.071,16/36,10.47%,GLI1;NRP2;THY1;UNC5C;PTCH1;RTN1;MYH9;VLDLR;DPYSL2;SCG2;NRP1;LDB1;HEY2;CRMP1;RASA1;ETS2
30,prerank,Cholesterol Homeostasis,0.39137471797633006,1.420025722714337,0.033647375504710635,0.030099677918905356,0.485,26/74,14.44%,GLDC;CHKA;TMEM97;TRIB3;SQLE;DHCR7;HSD17B7;MAL2;PCYT2;ACAT2;HMGCS1;FASN;IDI1;TNFRSF12A;CYP51A1;SC5D;CBS;SCD;FDPS;ALDOC;EBP;TM7SF2;NSDHL;S100A11;FBXO6;MVK
31,prerank,Angiogenesis,-0.39214857974347045,-1.383195897551937,0.06968641114982578,0.031043003384621775,0.206,15/36,13.24%,KCNJ8;FSTL1;COL3A1;LUM;CCND2;SLCO2A1;FGFR1;LPL;TIMP1;THBD;NRP1;VCAN;COL5A2;ITGAV;PGLYRP1
33,prerank,Estrogen Response Early,-0.2831171187218986,-1.3388369165329537,0.005649717514124294,0.0430908143091798,0.286,42/200,8.70%,SH3BP5;FCMR;BCL2;DLC1;PDLIM3;SVIL;PGR;HSPB8;IGFBP4;AR;OLFML3;IL6ST;PRSS23;CXCL12;GFRA1;FKBP5;CCN5;MAST4;MPPED2;EGR3;CBFA2T3;RAB31;MAPT;GJA1;SLC24A3;REEP1;GAB2;AFF1;THSD4;NPY1R;LRIG1;ADCY9;RPS6KA2;KLF10;OLFM1;KDM4B;FOS;TIAM1;GREB1;BCL11B;FHL2;NBL1
32,prerank,Protein Secretion,0.36163084910632204,1.363054143710447,0.04834254143646409,0.04804315741259097,0.663,37/96,24.70%,ARFGEF2;RAB22A;STX16;ERGIC3;SCAMP3;ANP32E;ICA1;ZW10;TMED2;ARF1;YKT6;BET1;GNAS;COG2;STAM;COPB1;TSG101;ATP6V1B1;PPT1;LAMP2;ADAM10;SCRN1;ARFGEF1;GLA;CLTA;KRT18;COPB2;TOM1L1;NAPG;YIPF6;RAB14;ARFGAP3;VAMP7;CLTC;ATP1A1;EGFR;TMED10
34,prerank,TGF-beta Signaling,-0.33984144666769767,-1.300021575865527,0.07692307692307693,0.05660624182395814,0.368,16/54,10.76%,WWTR1;SKI;RAB31;ENG;TGFB1;THBS1;APC;BMPR1A;PPM1A;KLF10;TGFBR1;LTBP2;SMAD1;BMPR2;JUNB;NOG
35,prerank,Apical Surface,-0.3437149174053242,-1.280676111839888,0.12457912457912458,0.06316576340870865,0.416,20/44,18.60%,SRPX;MAL;SLC2A4;GAS1;THY1;MDGA1;SCUBE1;NTNG1;TMEM8B;IL2RB;HSPB1;GATA3;IL2RG;CROCC;EFNA5;RTN4RL1;AFAP1L2;CRYBG1;CX3CL1;AKAP7
36,prerank,Xenobiotic Metabolism,0.2988805650328896,1.2552862117135068,0.06763285024154589,0.12462466283271413,0.956,49/200,12.86%,NFS1;ABCC2;GAD1;TMEM97;JUP;SERPINA6;ACP1;IGFBP1;SLC1A5;SLC35B1;AHCY;TTPA;GSS;VTN;IDH1;PTGES3;PYCR1;SLC22A1;HNF4A;TAT;GSTA3;SPINT2;CYP17A1;CFB;HPRT1;POR;SHMT2;HGFAC;CRP;DCXR;F10;ATP2A2;SMOX;RAP1GAP;ITIH1;HES6;ANGPTL3;FETUB;GART;HRG;FAH;RBP4;MARCHF6;NQO1;BPHL;MTHFD1;PC;G6PC;PGRMC1
37,prerank,Estrogen Response Late,0.2951389336064561,1.2348164912799964,0.06506024096385542,0.1403573898387285,0.975,68/199,19.42%,TOP2A;CDC6;DHRS2;KRT13;PLK4;CDC20;STIL;DHCR7;KIF20A;MAPK13;PLAC1;TSPAN13;SERPINA3;OPN3;SERPINA1;GINS2;FGFR3;ANXA9;NXT1;SCARB1;FRK;LSR;CELSR2;LLGL2;SLC7A5;SORD;RBBP8;HPRT1;PLAAT3;MICB;CCND1;TFAP2C;MDK;CDH1;SERPINA5;FKBP4;DCXR;ASCL1;MEST;PDZK1;IL17RB;KRT19;COX6C;NMU;FOXC1;RNASEH2A;TH;XBP1;PPIF;GLA;ST14;HOMER2;XRCC3;SLC22A5;PERP;TMPRSS3;PKP3;OVOL2;PTGES;BATF;GALE;IMPA2;BTG3;UGDH;ASS1;CALCR;TOB1;SCNN1A
38,prerank,heme Metabolism,-0.2397727178551778,-1.1593413449247736,0.11731843575418995,0.16851565552742903,0.753,53/199,15.54%,GYPC;ACKR1;TNS1;CLIC2;ADD1;MARCHF2;C3;NR3C1;GYPE;MYL4;KAT2B;BTG2;TAL1;DAAM1;LMO2;TNRC6B;EZH1;CAST;TFDP2;YPEL5;ADD2;TMCC2;FOXJ2;KEL;GATA1;MXI1;MARCHF8;RHD;ARL2BP;BLVRA;TRAK2;UROD;UCP2;ELL2;SIDT2;BNIP3L;ERMAP;AGPAT4;PPP2R5B;NEK7;ANK1;ENDOD1;TRIM58;SNCA;HBB;ALDH6A1;FECH;LRP10;SYNJ1;SLC66A2;NCOA4;CAT;NFE2L1
40,prerank,Pancreas Beta Cells,-0.2991507838611695,-1.1111422099015238,0.2508250825082508,0.23111486678637883,0.859,14/40,13.53%,GCG;DCX;AKT3;MAFB;ISL1;LMO2;PAK3;PCSK2;SST;GCK;PAX4;FOXO1;VDR;NEUROG3
43,prerank,Notch Signaling,-0.3177393077142462,-1.0932050642354536,0.2818181818181818,0.2437226686600635,0.89,7/32,10.57%,DTX1;HEYL;FZD1;NOTCH2;ARRB1;NOTCH3;SKP1
42,prerank,p53 Pathway,-0.22793100183500017,-1.0973937382287946,0.18292682926829268,0.24658942253784338,0.883,60/200,17.78%,CYFIP2;ZBTB16;PRMT2;TXNIP;VWA5A;CCND2;STOM;ISCU;BTG2;MXD4;MKNK2;TSPYL2;FAS;PITPNC1;PHLDA3;ZFP36L1;ZMAT3;TGFB1;CD81;RPS27L;GM2A;DGKA;JUN;RRAD;XPC;FOS;F2R;TCN2;ALOX15B;PTPN14;NUPR1;DEF6;CASP1;HBEGF;TSC22D1;CCNG1;TNFSF9;BTG1;DDB2;GADD45A;CDKN1A;CTSF;ATF3;IRAG2;VDR;DDIT4;CD82;FBXW7;SOCS1;HEXIM1;RRP8;CDKN2AIP;ANKRA2;TAX1BP3;RACK1;PLK3;RPL36;CDH13;S100A4;HSPA4L
39,prerank,KRAS Signaling Dn,0.26973136171148426,1.1316479055671569,0.189718482252142,0.29239825606052894,0.999,52/200,15.97%,COL2A1;SLC38A3;KRT13;GPR19;PKP1;RIBC2;KRT15;PNMT;NR6A1;GTF3C5;SERPINA10;LGALS7;PLAG1;SPTBN2;CKM;CLDN8;VPS50;FGFR3;KRT4;GPR3;HNF1A;BARD1;CELSR2;SLC30A3;SCGB1A1;CPA2;GP2;MSH5;DLK2;TEX15;EDAR;CDKAL1;KRT5;ZC2HC1C;YBX2;MAGIX;DTNB;TFAP2B;TNNI3;CLPS;ATP6V1B1;RYR1;SHOX2;OXT;CACNA1F;TLX1;LYPD3;SSTR4;ASB7;SCN10A;C5;STAG3
41,prerank,PI3K/AKT/mTOR  Signaling,0.2827994773017281,1.1050825362733878,0.27308707124010556,0.33110564083882665,1.0,24/105,13.02%,E2F1;CDK1;TRIB3;CDK2;TRAF2;YWHAB;PAK4;GNGT1;HSP90B1;DDIT3;SLC2A1;ARF1;CALR;ACACA;PPP2R1B;CDK4;MAPK8;FGF17;CSNK2B;NFKBIB;PITX2;HRAS;RAC1;ATF1
44,prerank,Reactive Oxygen Species Pathway,0.31664711689526254,1.086986339072345,0.324822695035461,0.351193444959031,1.0,23/49,27.71%,GCLM;G6PD;PRDX1;TXNRD1;SELENOS;NDUFS2;TXNRD2;NQO1;PRDX4;ERCC2;STK25;LAMTOR5;HHEX;PTPA;PRDX6;GCLC;MGST1;TXN;PFKP;SRXN1;FTL;GLRX2;SOD1
46,prerank,Bile Acid Metabolism,0.2759423326058222,1.070633278008782,0.31926121372031663,0.35252314482809677,1.0,27/112,13.90%,SOAT2;APOA1;SLCO1A2;SERPINA6;PEX1;TTR;GCLM;PEX7;IDH1;BBOX1;SLC35B2;DIO1;AGXT;NR1H4;GC;IDI1;DHCR24;PIPOX;AKR1D1;PEX13;HAO1;SLC23A1;EFHC1;HSD3B1;ABCD3;ABCD1;KLF1
45,prerank,Fatty Acid Metabolism,0.26602317469287823,1.0779757036602824,0.2995110024449878,0.35439099045389444,1.0,43/158,18.69%,CA6;HSD17B7;ACOT8;HSPH1;CCDC58;IDH1;ACAT2;ODC1;HMGCS1;FASN;CA4;HSP90AA1;CPOX;IDI1;IDH3B;ACSS1;DHCR24;H2AZ1;PCBD1;GAD2;FH;GPD2;S100A10;HSDL2;HAO2;BPHL;NSDHL;MDH2;ENO3;METAP1;PDHA1;RDH11;APEX1;KMT5A;SLC22A5;SUCLG1;LDHA;PTS;CRYZ;PRDX6;UGDH;AADAT;RDH16
47,prerank,Androgen Response,0.25719812932512176,0.9915313647200369,0.4818181818181818,0.5016916448895508,1.0,20/100,10.04%,CENPN;MAP7;ADRM1;PA2G4;PMEPA1;AZGP1;ACSL3;HMGCS1;SORD;CDK6;H1-0;IDI1;CCND1;ABCC4;KLK2;DHCR24;DBI;SCD;RRP12;KRT19
49,prerank,Wnt-beta Catenin Signaling,0.2614171870612281,0.8693043124195906,0.6985714285714286,0.7570359814748843,1.0,5/42,3.65%,SKP2;KAT2A;DKK1;HDAC2;NCSTN
48,prerank,Interferon Alpha Response,-0.20218841865671905,-0.8757913172562185,0.7654320987654321,0.7986357690151373,1.0,21/97,14.72%,SELL;C1S;TXNIP;GBP2;IFITM2;UBA7;CD74;IRF2;IL15;CSF1;SP110;SLC25A28;CASP1;TMEM140;TENT5A;B2M;TRIM5;LPAR6;IL4R;HERC6;LAMP3
