,A[C>A]A,A[C>A]C,A[C>A]G,A[C>A]T,C[C>A]A,C[C>A]C,C[C>A]G,C[C>A]T,G[C>A]A,G[C>A]C,G[C>A]G,G[C>A]T,T[C>A]A,T[C>A]C,T[C>A]G,T[C>A]T,A[C>G]A,A[C>G]C,A[C>G]G,A[C>G]T,C[C>G]A,C[C>G]C,C[C>G]G,C[C>G]T,G[C>G]A,G[C>G]C,G[C>G]G,G[C>G]T,T[C>G]A,T[C>G]C,T[C>G]G,T[C>G]T,A[C>T]A,A[C>T]C,A[C>T]G,A[C>T]T,C[C>T]A,C[C>T]C,C[C>T]G,C[C>T]T,G[C>T]A,G[C>T]C,G[C>T]G,G[C>T]T,T[C>T]A,T[C>T]C,T[C>T]G,T[C>T]T,A[T>A]A,A[T>A]C,A[T>A]G,A[T>A]T,C[T>A]A,C[T>A]C,C[T>A]G,C[T>A]T,G[T>A]A,G[T>A]C,G[T>A]G,G[T>A]T,T[T>A]A,T[T>A]C,T[T>A]G,T[T>A]T,A[T>C]A,A[T>C]C,A[T>C]G,A[T>C]T,C[T>C]A,C[T>C]C,C[T>C]G,C[T>C]T,G[T>C]A,G[T>C]C,G[T>C]G,G[T>C]T,T[T>C]A,T[T>C]C,T[T>C]G,T[T>C]T,A[T>G]A,A[T>G]C,A[T>G]G,A[T>G]T,C[T>G]A,C[T>G]C,C[T>G]G,C[T>G]T,G[T>G]A,G[T>G]C,G[T>G]G,G[T>G]T,T[T>G]A,T[T>G]C,T[T>G]G,T[T>G]T
TCGA-BR-4187,1,0,0,0,0,0,0,0,0,0,0,0,1,0,0,1,0,0,0,0,0,0,0,0,0,0,0,0,0,0,0,0,1,1,7,0,0,0,1,0,0,3,7,0,1,1,6,0,0,0,0,0,0,0,0,0,0,0,0,0,0,0,0,0,0,0,0,0,0,1,0,0,0,0,0,1,0,0,0,0,0,0,0,0,0,0,0,0,0,0,0,1,0,0,0,1
TCGA-BR-4191,2,3,1,2,6,3,2,3,0,1,2,3,0,0,2,3,0,3,1,3,4,2,3,3,1,0,0,7,6,4,1,5,1,3,7,2,2,1,4,4,4,4,6,6,8,12,6,5,0,0,2,2,0,2,1,2,1,2,0,1,2,1,0,1,3,2,1,1,0,1,1,2,1,2,1,0,0,2,0,1,0,0,0,1,0,2,2,0,0,0,2,1,0,2,3,4
TCGA-BR-4255,0,0,0,0,2,0,0,0,0,0,0,0,0,0,0,2,0,0,0,1,0,0,0,0,0,0,0,0,1,1,0,0,0,2,7,1,4,0,6,2,0,1,9,1,1,2,4,1,0,1,2,0,0,0,1,0,0,0,0,0,0,0,0,0,2,0,1,2,1,0,0,0,2,1,0,0,0,0,1,2,0,1,0,0,0,0,1,1,0,0,0,0,0,0,0,0
TCGA-BR-4267,2,0,0,1,0,1,1,0,0,1,0,0,1,2,0,1,1,1,0,3,2,0,1,3,1,0,1,3,4,3,0,3,1,1,7,1,1,0,4,1,3,2,3,0,2,2,5,0,0,1,0,0,0,0,3,0,1,0,1,0,1,1,0,1,0,1,0,1,1,0,2,0,1,0,2,1,0,0,0,1,0,0,0,0,1,1,2,5,0,0,0,0,1,0,0,2
TCGA-BR-4279,0,0,0,1,1,0,1,0,0,0,0,0,0,0,0,1,0,1,0,0,0,0,1,0,0,0,0,0,1,0,0,0,0,0,3,0,0,1,7,1,1,3,3,0,0,1,10,0,0,0,0,2,0,0,0,0,0,0,0,0,0,1,0,0,1,1,0,0,1,1,1,1,1,0,2,0,0,0,0,1,0,0,0,0,0,0,2,0,0,0,0,1,0,0,0,0
TCGA-BR-4294,1,3,0,0,1,0,0,0,0,0,0,0,0,1,0,0,0,1,0,0,0,1,0,0,0,0,0,1,0,1,0,0,0,0,0,0,2,2,0,0,2,0,4,2,0,1,0,3,1,1,0,0,0,0,0,0,0,0,0,0,0,0,0,2,0,0,0,0,0,0,0,0,0,0,1,0,0,0,0,0,0,0,0,0,0,1,0,0,0,0,0,0,0,0,0,0
TCGA-BR-4357,3,3,2,3,6,1,1,4,2,4,0,3,4,1,2,4,0,0,1,0,2,0,0,1,1,2,0,1,7,4,0,15,1,0,10,2,2,3,12,4,3,5,7,5,9,4,13,7,2,3,4,2,0,0,0,6,0,3,0,1,2,1,0,0,0,6,3,2,2,2,3,15,0,2,2,2,0,1,3,3,0,0,0,2,0,5,4,17,0,0,2,8,1,0,1,2
TCGA-BR-4366,1,0,0,1,2,0,0,1,0,3,1,0,4,1,1,1,0,0,2,3,3,1,0,2,0,0,0,2,7,4,0,1,2,3,13,0,1,3,11,4,0,5,9,2,3,4,6,2,2,0,1,0,0,0,1,1,2,0,0,0,0,0,0,0,1,1,3,4,1,1,3,6,0,1,1,2,2,1,1,0,1,2,0,1,0,0,4,8,0,0,0,3,0,0,1,0
TCGA-BR-4367,0,0,0,0,0,0,0,0,0,0,0,0,0,0,0,0,0,0,0,0,0,0,0,0,0,0,0,0,0,0,0,0,0,0,0,0,0,0,0,0,0,0,0,0,0,0,0,0,0,0,0,0,0,0,0,0,0,0,0,0,0,0,0,0,0,0,0,0,0,0,0,0,0,0,0,0,0,0,0,0,0,0,0,0,0,0,0,0,0,0,0,0,0,0,0,0
TCGA-BR-4369,0,1,1,0,2,0,1,1,1,2,0,0,3,0,0,2,0,0,1,1,0,0,1,1,1,0,0,1,3,1,0,3,1,0,14,2,4,3,12,1,4,5,19,2,4,7,13,6,0,0,2,3,1,0,0,2,0,0,0,3,1,0,0,0,1,0,1,0,0,2,3,9,1,3,0,0,0,1,1,0,0,0,0,2,0,2,0,26,0,1,2,5,0,1,0,1
TCGA-BR-4371,1,1,0,0,1,0,0,0,3,2,1,1,2,1,0,4,0,1,0,0,0,1,0,0,1,0,0,1,1,1,0,1,0,4,27,1,4,1,27,2,0,5,28,1,6,4,16,4,0,0,0,0,0,1,0,0,0,0,0,0,0,0,1,1,0,1,1,1,1,1,3,1,0,0,2,0,1,1,0,2,0,0,0,2,0,0,0,5,0,1,0,1,0,0,0,1
TCGA-BR-6453,0,0,0,0,0,2,1,1,2,1,0,1,1,0,0,0,1,0,1,0,0,1,0,0,1,0,0,1,0,0,0,0,2,4,21,2,4,2,10,1,0,1,25,2,3,2,7,5,0,0,0,0,2,1,1,3,0,0,0,1,1,0,1,0,2,1,0,0,2,5,3,18,0,1,2,2,0,2,0,0,0,0,1,1,1,1,1,46,0,0,1,11,0,0,0,4
TCGA-BR-6454,1,1,0,0,0,1,0,0,4,0,1,2,3,2,0,5,2,1,0,1,1,0,0,1,0,1,0,2,4,2,0,4,0,0,12,1,4,1,10,3,5,7,9,3,3,0,9,4,1,3,1,1,0,1,0,3,0,0,2,2,1,0,2,1,2,0,0,2,1,2,0,4,2,2,0,2,0,1,0,2,0,0,0,1,0,1,0,10,0,0,1,2,1,0,2,0
TCGA-BR-6456,0,0,1,0,1,0,0,0,1,1,1,0,0,4,0,2,0,0,0,0,1,0,0,0,1,0,0,0,0,0,0,1,0,0,3,1,0,1,8,1,0,2,1,0,1,0,2,1,0,0,1,0,0,0,0,0,0,0,0,0,1,0,0,0,0,0,2,1,0,1,0,0,0,1,1,0,0,1,0,0,0,0,0,0,1,0,1,1,0,0,0,0,0,0,0,0
TCGA-BR-6457,3,0,0,0,0,0,1,0,3,0,1,1,1,0,0,6,0,0,0,3,0,1,0,0,0,0,0,0,0,0,0,1,0,2,16,1,3,1,17,3,1,1,8,2,4,0,8,1,0,1,1,0,0,0,0,3,0,0,0,2,0,0,0,1,2,0,1,1,0,2,3,2,2,0,1,0,2,1,0,0,0,0,2,3,0,3,2,10,0,1,1,2,0,0,0,2
TCGA-BR-6458,0,0,0,4,1,0,0,0,4,1,0,1,1,2,0,2,0,0,0,1,2,0,0,1,2,2,0,0,1,0,0,6,1,4,21,3,7,0,14,3,4,5,19,1,0,1,9,7,1,0,0,0,0,2,0,10,0,2,2,0,1,1,1,1,1,2,3,1,3,4,6,26,0,2,3,1,1,2,1,0,0,2,1,5,0,3,7,81,0,4,2,16,0,3,0,7
TCGA-BR-6563,0,0,0,1,0,0,0,0,0,0,1,0,0,0,0,1,1,0,0,0,0,0,0,0,0,0,1,0,0,1,0,0,1,0,13,0,1,1,10,0,0,3,10,2,1,2,6,1,1,0,1,1,0,0,0,1,0,0,0,1,0,0,0,0,1,0,1,1,0,2,0,2,1,0,0,3,0,0,0,0,0,0,0,0,1,2,0,2,0,0,0,2,1,1,0,3
TCGA-BR-6564,0,0,0,0,1,0,0,0,1,0,0,1,0,0,0,1,0,0,0,0,0,1,0,0,0,0,0,0,1,0,0,1,0,0,1,0,2,0,4,0,0,2,5,0,2,2,5,0,0,0,0,0,0,0,0,0,0,1,0,1,0,0,0,1,2,0,1,0,0,1,1,0,0,0,0,0,0,0,0,0,0,0,0,0,0,0,0,0,0,0,0,0,0,0,0,1
TCGA-BR-6565,4,1,0,1,0,0,1,0,1,3,1,1,1,1,1,3,3,1,2,2,1,0,1,3,3,2,1,1,4,2,1,6,2,3,13,1,1,2,10,4,3,5,8,5,2,4,11,0,0,0,0,1,0,0,0,0,0,1,0,1,0,1,0,0,3,0,2,0,1,1,4,2,1,1,1,2,0,1,2,1,0,0,1,0,1,2,1,2,0,0,1,1,1,0,1,1
TCGA-BR-6705,0,1,0,0,0,0,1,0,1,1,2,1,1,1,0,1,2,0,0,2,0,0,0,2,1,1,0,0,2,1,0,3,0,1,14,3,1,1,11,1,0,6,8,1,4,1,6,2,0,0,0,1,0,0,1,3,0,0,0,0,0,1,1,1,0,1,2,0,0,2,1,5,0,1,0,3,0,1,0,0,0,0,0,1,0,1,0,8,0,0,0,0,0,0,2,0
TCGA-BR-6710,0,0,0,0,0,0,0,0,0,0,0,0,0,0,0,0,0,0,0,0,0,0,0,0,0,0,0,0,0,0,0,0,0,0,0,0,0,0,0,0,0,0,0,0,0,0,0,0,0,0,0,0,0,0,0,0,0,0,0,0,0,0,0,0,0,0,0,0,0,0,0,0,0,0,0,0,0,0,0,0,0,0,0,0,0,0,0,0,0,0,0,0,0,0,0,0
TCGA-BR-6801,0,0,0,0,0,0,1,0,0,0,1,0,0,0,0,1,0,0,0,0,1,0,0,0,0,0,0,1,2,0,0,1,0,0,6,1,0,3,10,0,2,0,4,0,2,3,7,3,0,0,0,0,0,0,0,0,0,1,0,0,0,0,0,0,0,0,0,0,0,0,2,0,1,0,0,0,0,0,0,0,0,0,0,0,0,0,0,0,0,0,0,0,0,0,0,0
TCGA-BR-6803,0,0,1,0,0,0,0,0,0,0,1,0,0,0,2,0,1,0,0,0,0,0,0,0,0,0,0,0,1,0,0,0,0,0,3,0,0,0,2,1,0,0,2,0,0,1,1,0,0,0,0,0,0,0,0,0,0,0,0,0,0,0,0,0,1,0,0,0,0,0,0,0,0,0,0,0,0,0,0,0,0,0,0,0,0,0,0,0,0,0,0,0,0,0,0,1
TCGA-BR-7197,2,0,0,0,1,0,0,0,1,2,1,1,0,1,2,0,0,0,0,0,0,0,0,0,0,1,0,1,1,0,0,3,1,4,16,1,4,3,22,3,0,2,15,0,1,5,17,6,0,0,2,0,0,0,1,4,0,2,0,1,0,1,0,1,1,1,3,1,1,4,2,3,1,1,0,0,2,1,0,1,1,2,0,0,1,2,2,21,0,1,2,3,1,0,2,3
TCGA-BR-7715,0,2,0,1,1,1,1,1,2,2,1,0,1,3,0,1,0,1,0,1,0,0,0,1,0,0,0,1,1,0,0,1,4,1,14,1,3,2,16,3,1,2,16,1,2,2,13,2,0,0,0,0,1,0,0,1,0,0,0,1,0,0,0,0,2,0,2,2,1,2,0,5,1,2,1,1,2,2,3,2,0,0,2,1,0,2,0,6,0,2,0,1,0,0,1,4
TCGA-BR-7716,1,1,0,0,0,2,1,3,2,1,0,1,4,0,0,9,0,1,1,2,1,1,0,0,0,0,0,0,10,3,0,18,3,4,6,1,0,0,4,0,2,2,5,4,15,7,6,10,1,2,4,1,0,0,4,1,0,0,0,0,0,0,0,0,1,0,3,2,1,2,0,4,0,1,1,0,2,0,2,0,0,0,0,0,0,1,0,4,0,0,1,1,0,1,0,2
TCGA-BR-7717,1,0,0,0,0,0,1,1,3,0,0,0,0,2,1,0,2,2,1,1,2,1,2,0,1,1,0,0,1,0,0,4,1,0,21,1,3,1,15,2,2,3,15,2,1,2,10,6,0,2,0,1,0,1,1,1,0,1,0,0,2,2,0,1,2,1,1,1,0,3,3,6,2,0,2,1,0,0,0,0,1,1,0,0,0,1,0,9,0,0,0,4,0,0,0,0
TCGA-BR-7722,2,0,0,0,0,0,0,0,0,0,1,0,0,0,1,0,0,0,0,0,1,0,0,0,0,0,0,0,1,2,0,0,2,2,3,0,0,0,10,1,0,2,6,0,1,1,4,2,0,0,0,0,0,1,0,0,0,1,2,0,0,0,0,0,0,0,0,2,1,0,1,0,1,0,1,1,0,0,0,0,0,0,1,1,1,0,0,0,0,0,0,0,0,0,0,1
TCGA-BR-7723,1,1,0,0,0,2,1,0,3,3,0,2,1,0,0,3,0,0,1,0,0,0,0,2,0,0,1,1,0,1,1,1,2,2,13,4,0,0,17,1,2,0,9,1,3,8,5,2,0,1,0,0,0,3,5,3,1,1,0,2,1,1,0,0,1,2,1,1,0,2,8,10,1,2,5,0,0,1,1,1,0,0,0,2,1,1,0,14,0,0,0,5,0,0,1,4
TCGA-BR-7901,3,0,1,1,1,1,0,2,0,0,0,0,2,4,0,1,0,1,0,0,1,0,0,1,0,5,0,1,5,7,2,5,3,1,18,3,3,0,9,4,2,0,12,5,10,8,8,3,1,0,2,2,1,3,4,7,0,0,0,2,0,1,0,2,0,1,2,2,2,6,1,12,3,0,2,4,2,2,2,1,0,1,1,2,0,1,0,11,2,0,1,7,0,0,0,3
TCGA-BR-7957,0,0,0,0,0,1,0,0,3,2,0,1,0,0,0,0,0,0,0,0,0,0,0,0,0,0,0,1,0,2,1,0,2,1,6,0,1,0,4,0,1,1,7,1,0,4,5,1,0,0,0,0,0,2,0,0,0,0,0,0,1,0,1,0,0,0,0,1,0,2,0,0,0,0,0,1,0,0,1,0,0,0,1,0,0,0,0,0,0,0,0,0,0,0,0,0
TCGA-BR-7959,0,1,0,0,0,0,0,1,1,1,1,1,0,0,1,1,0,1,0,2,0,0,0,0,1,1,0,1,1,4,2,2,2,3,7,1,1,0,12,3,4,3,9,4,3,1,9,3,0,0,1,1,0,1,0,1,0,2,0,0,0,0,0,0,1,0,1,0,0,0,1,0,0,1,0,1,0,0,1,1,0,0,0,0,0,0,0,6,0,0,0,1,0,0,0,1
TCGA-BR-8058,0,1,0,0,0,1,0,0,1,1,0,0,1,0,2,0,0,0,0,0,3,1,0,0,0,2,0,0,2,1,0,3,0,0,4,0,1,0,1,1,1,2,2,3,3,1,2,1,0,1,0,0,0,0,0,0,0,0,0,0,0,0,1,0,0,0,0,0,0,0,1,1,3,3,0,0,0,0,0,0,0,0,0,0,0,0,0,1,0,0,0,0,0,0,0,2
TCGA-BR-8077,1,0,1,0,4,1,0,0,1,0,0,2,2,2,1,0,0,0,0,0,0,0,0,1,0,1,1,0,2,6,1,3,1,1,12,4,1,2,10,1,1,5,12,2,2,4,10,0,0,0,0,0,0,0,1,1,0,1,1,1,1,0,0,1,0,0,2,0,0,1,0,1,1,2,0,0,1,1,1,0,0,0,0,0,0,1,3,2,0,0,0,1,0,2,1,0
TCGA-BR-8080,1,1,1,0,1,1,0,2,1,0,2,3,2,1,1,3,1,0,0,0,1,0,0,2,0,0,0,0,1,1,0,1,3,0,17,1,2,0,10,2,2,4,16,3,0,0,7,1,1,1,1,2,0,2,1,1,0,0,0,2,1,0,0,2,0,1,1,1,1,3,5,8,0,0,1,0,1,1,7,2,0,0,1,2,0,2,0,11,0,0,0,2,0,1,0,3
TCGA-BR-8286,4,0,0,0,0,0,0,2,3,1,0,1,0,2,2,3,1,0,1,0,1,1,0,0,1,1,0,2,0,1,1,0,2,0,8,2,2,3,10,4,3,1,15,2,5,6,5,4,1,0,0,0,0,1,2,1,0,0,0,1,0,0,0,1,1,0,1,1,1,4,0,6,2,0,1,6,0,2,1,1,0,1,0,0,0,0,1,10,0,0,1,2,0,1,0,2
TCGA-BR-8289,2,1,0,1,1,4,0,5,2,3,2,1,1,4,0,1,1,1,0,1,3,0,1,4,0,2,0,0,2,1,1,4,1,1,11,2,4,2,14,0,2,8,12,2,5,5,11,4,0,1,0,0,2,0,1,2,0,0,0,0,1,0,0,2,1,2,2,2,3,6,3,8,3,1,1,2,0,1,1,1,0,0,0,1,0,1,2,19,1,0,1,6,1,1,2,4
TCGA-BR-8291,1,0,0,0,0,0,0,0,0,0,0,0,0,0,0,3,0,0,0,0,0,0,0,1,0,0,0,1,0,1,0,0,1,0,3,1,1,0,1,0,1,0,2,0,0,0,0,1,0,0,1,0,0,0,0,0,0,0,0,0,0,0,0,0,0,1,1,0,0,0,0,1,0,0,0,0,1,1,0,0,0,1,0,0,0,0,0,1,0,0,0,1,0,0,0,0
TCGA-BR-8295,0,0,0,0,1,0,0,0,0,0,0,0,0,1,0,0,0,0,2,0,0,1,0,2,1,1,0,0,2,1,0,2,3,0,2,1,0,0,2,0,0,1,5,1,0,0,3,0,0,0,0,1,0,0,0,4,0,0,0,0,1,1,0,0,1,0,0,0,0,1,2,2,0,1,0,0,0,0,0,1,0,0,0,0,0,0,0,2,0,0,0,1,0,0,0,1
TCGA-BR-8296,2,1,1,0,0,0,0,1,1,0,1,1,1,2,0,0,0,1,0,0,0,0,0,1,1,0,0,1,3,4,0,1,1,1,11,1,1,1,15,2,0,0,14,0,6,0,5,0,1,0,0,0,1,0,0,0,0,0,0,0,0,0,0,0,1,0,0,0,0,0,0,1,0,0,0,0,1,1,0,0,0,0,0,0,0,0,0,0,0,0,0,0,0,0,0,0
TCGA-BR-8297,1,0,2,0,1,0,1,1,2,1,2,7,3,0,0,0,1,1,1,1,1,2,0,2,0,1,0,0,2,2,0,6,2,0,16,3,6,1,22,4,3,5,22,3,3,2,9,4,0,0,2,1,0,2,3,3,0,0,0,0,0,0,2,3,0,1,2,2,1,5,5,21,1,6,5,3,1,6,0,1,1,0,1,3,1,1,6,40,1,1,1,10,1,1,2,6
TCGA-BR-8362,0,0,0,0,0,0,0,0,0,0,0,0,0,0,0,0,0,0,0,0,0,0,0,0,0,0,0,0,0,0,0,0,0,0,0,0,0,0,0,0,0,0,0,0,0,0,0,0,0,0,0,0,0,0,0,0,0,0,0,0,0,0,0,0,0,0,0,0,0,0,0,0,0,0,0,0,0,0,0,0,0,0,0,0,0,0,0,0,0,0,0,0,0,0,0,0
TCGA-BR-8364,0,0,0,0,0,0,0,0,0,0,0,0,0,0,0,0,0,0,0,0,0,0,1,1,0,0,0,0,0,0,1,1,1,0,1,0,0,1,3,0,0,1,1,0,0,1,2,1,0,0,0,0,0,1,0,0,0,0,0,0,0,0,0,0,0,0,1,0,0,0,1,0,0,0,0,1,0,0,1,0,0,0,0,0,0,0,0,0,0,0,0,0,0,0,0,0
TCGA-BR-8365,0,0,0,0,0,0,0,0,0,0,0,1,0,1,0,0,0,0,0,0,0,0,1,0,0,0,0,0,0,0,0,0,0,0,5,0,1,0,3,0,1,0,0,0,2,0,4,0,0,0,1,0,0,0,0,0,0,0,0,0,0,0,0,0,0,0,0,0,0,0,0,0,0,0,0,0,0,0,0,1,0,1,0,0,0,0,0,0,1,0,0,0,0,0,0,1
TCGA-BR-8367,1,0,0,0,1,1,0,0,1,1,0,0,0,1,0,0,1,0,0,0,0,0,0,1,1,0,0,0,0,1,0,0,2,0,8,2,0,1,8,1,1,1,12,1,2,1,4,0,0,0,0,0,0,0,1,0,0,1,0,0,0,1,0,1,1,0,1,0,0,0,0,0,1,1,0,1,0,0,0,0,0,0,0,0,0,0,0,3,0,1,0,0,0,0,0,0
TCGA-BR-8369,3,1,0,0,1,1,3,6,1,2,2,0,3,4,0,2,0,3,0,1,1,1,1,0,0,0,0,0,0,2,0,2,1,2,23,1,4,5,21,1,3,3,19,2,2,3,11,1,1,0,0,3,1,2,0,3,0,0,0,0,1,1,0,0,4,1,2,1,0,3,2,15,1,0,1,4,1,1,0,2,0,0,2,3,1,2,0,15,0,0,1,2,2,1,1,3
TCGA-BR-8371,0,0,0,0,0,0,0,1,0,0,0,0,0,0,0,0,0,0,0,0,0,0,1,0,0,0,0,0,0,0,0,0,0,0,3,0,0,0,3,0,0,1,2,1,0,0,0,1,0,0,0,1,0,0,0,0,0,0,0,0,0,0,0,0,0,1,0,0,0,0,1,1,1,1,1,0,0,0,0,0,0,0,0,0,0,0,0,1,0,0,1,0,0,0,0,0
TCGA-BR-8373,0,0,0,0,0,2,0,1,0,1,0,1,1,0,0,4,1,0,0,0,1,0,0,2,0,0,0,0,0,2,1,1,0,1,8,0,2,0,11,2,2,6,7,3,5,0,8,0,0,0,0,0,1,0,0,1,0,0,0,0,0,0,0,1,0,3,2,2,1,0,0,0,0,1,3,1,0,0,0,0,3,1,1,0,0,0,2,3,0,0,0,0,0,0,0,1
TCGA-BR-8380,0,0,0,0,2,1,0,0,1,0,0,2,0,0,0,0,0,1,0,0,0,0,0,1,0,0,0,2,0,0,0,1,1,2,11,0,0,1,10,0,0,0,12,1,2,2,11,0,0,1,0,0,0,0,0,0,1,1,1,0,0,0,0,0,0,0,0,1,0,1,0,1,0,0,1,0,0,0,0,0,1,1,1,0,0,0,2,3,0,0,0,0,0,0,0,0
TCGA-BR-8384,0,0,0,0,2,0,0,1,1,0,0,0,0,0,0,0,0,1,0,0,1,1,1,0,0,1,0,0,0,0,0,1,0,0,4,1,0,0,4,0,0,1,4,0,0,4,2,1,0,1,1,0,0,1,0,0,0,0,0,0,0,0,0,0,0,0,0,1,0,1,0,0,0,0,0,0,0,2,0,0,0,0,0,0,0,1,0,4,0,0,0,1,0,0,1,1
TCGA-BR-8483,4,0,2,0,1,2,2,0,2,0,0,1,2,2,0,4,0,2,0,1,0,0,0,0,0,0,0,0,0,0,0,0,0,3,12,1,3,4,11,1,2,0,20,1,2,2,4,0,0,0,0,0,0,0,6,1,2,2,0,1,0,0,0,0,2,1,2,1,1,0,1,3,0,1,0,1,0,2,1,0,0,0,0,0,1,0,1,4,0,0,0,1,0,1,1,0
TCGA-BR-8484,0,1,0,1,0,0,0,0,0,0,1,0,1,1,1,0,0,0,0,2,0,0,0,1,0,0,0,0,0,0,0,2,2,1,9,2,3,2,8,2,1,1,7,2,1,2,5,4,2,0,0,0,0,2,0,2,0,0,0,2,0,0,1,0,0,1,0,1,0,2,1,4,2,0,1,1,0,0,1,0,0,0,1,0,1,0,1,3,0,0,0,2,0,0,0,1
TCGA-BR-8485,1,1,1,0,2,0,0,0,0,1,1,1,1,1,0,2,2,0,0,1,1,0,0,3,1,0,0,0,1,2,0,3,2,3,13,1,1,6,10,2,2,7,6,0,4,3,6,5,0,1,0,2,0,1,3,12,0,0,0,2,0,0,0,1,2,2,2,2,3,8,9,37,3,2,2,6,3,2,1,3,4,2,1,5,1,6,4,79,0,0,1,16,0,0,2,12
TCGA-BR-8486,0,0,1,0,1,0,0,2,1,1,0,0,0,0,0,0,0,0,0,0,1,0,1,0,0,0,0,0,2,0,0,0,0,2,7,1,2,0,5,1,1,3,7,0,1,2,0,1,0,0,0,0,0,0,1,0,0,0,0,0,0,0,0,1,1,2,1,0,0,1,0,0,1,1,0,1,0,0,0,1,0,1,0,0,0,0,0,0,0,1,0,0,0,0,2,0
TCGA-BR-8588,0,1,0,0,0,0,0,1,4,1,1,4,1,3,1,2,0,0,0,0,0,0,0,1,0,0,0,0,0,0,0,0,1,1,18,3,1,5,17,1,2,0,15,1,2,1,8,1,0,0,1,0,0,3,0,2,0,0,0,2,1,0,0,0,1,0,1,2,0,3,4,4,0,2,1,0,0,1,1,1,0,0,0,0,0,0,0,5,0,0,0,2,0,0,0,1
TCGA-BR-8590,0,0,0,1,0,2,0,2,0,0,0,0,2,0,0,0,0,2,1,0,0,0,1,0,0,0,0,0,1,0,1,2,0,0,14,0,0,2,12,1,0,2,6,2,5,2,3,1,1,0,1,0,0,1,0,3,0,2,0,0,0,2,0,1,1,2,0,2,2,3,3,10,1,0,1,0,0,1,0,0,0,0,0,2,0,3,1,17,0,1,1,1,1,2,0,2
TCGA-BR-8592,0,0,1,0,0,0,0,0,1,0,0,0,1,1,0,0,0,0,0,0,0,0,0,0,0,0,0,0,0,0,0,0,0,0,3,0,0,0,10,1,0,0,8,0,0,0,5,0,0,0,0,0,0,0,0,0,0,0,0,0,0,0,0,0,0,0,0,0,0,1,0,1,2,0,0,1,0,0,0,0,0,0,0,0,0,0,1,0,0,0,0,0,0,1,0,0
TCGA-BR-8677,0,0,0,0,0,0,0,1,2,1,0,2,0,2,0,0,0,1,1,0,0,1,0,1,0,0,0,0,1,0,0,0,2,0,11,0,3,3,8,1,0,0,4,0,5,4,7,1,0,0,0,0,0,0,0,0,0,0,0,0,0,0,1,0,1,1,1,0,0,0,0,0,0,0,1,2,0,0,0,0,0,0,0,0,0,0,1,0,0,0,0,1,1,0,0,0
TCGA-BR-8678,1,2,1,0,2,2,0,0,2,1,0,2,0,1,1,5,0,0,0,2,0,0,0,0,0,0,0,1,3,2,0,3,3,3,9,1,0,2,11,1,0,1,12,1,6,2,11,1,1,0,1,0,0,0,0,0,0,1,0,0,0,0,0,1,1,1,0,0,0,0,1,4,0,1,0,1,0,0,2,1,0,0,1,0,0,1,0,1,0,0,0,1,1,0,1,1
TCGA-BR-8679,0,0,0,1,1,0,2,0,1,1,1,0,0,3,0,2,0,0,0,1,0,0,0,1,1,2,0,0,0,0,0,1,7,4,19,3,3,1,19,3,3,1,23,1,5,2,7,6,0,1,1,1,1,0,1,4,0,0,0,0,1,0,1,0,1,1,0,1,0,1,3,2,2,0,1,1,1,0,2,2,0,0,0,2,1,0,0,5,0,1,0,2,0,0,0,4
TCGA-BR-8680,2,8,1,20,12,10,5,42,10,12,1,49,140,22,6,964,0,2,1,0,0,0,0,0,0,1,0,4,0,1,1,4,7,29,128,23,8,15,72,28,38,206,581,234,35,115,1571,216,2,2,1,4,1,1,1,3,3,1,0,1,1,0,2,7,35,63,29,26,8,19,12,11,136,250,72,123,24,70,17,42,2,25,8,92,14,23,38,147,16,29,16,37,33,81,21,502
TCGA-BR-8682,0,1,0,0,0,0,0,0,1,1,0,0,1,1,0,1,0,0,0,0,0,0,0,0,0,0,0,0,2,0,0,0,0,1,14,1,1,0,11,2,1,0,12,0,2,1,11,1,0,0,0,0,0,0,0,1,0,0,1,0,1,0,0,0,0,0,0,0,0,0,1,0,0,0,0,0,0,0,0,1,0,0,0,0,0,0,0,2,0,0,0,0,0,1,0,0
TCGA-BR-8683,3,1,0,2,1,3,1,1,3,1,0,2,2,6,0,4,0,0,2,0,1,3,1,0,1,1,0,2,0,0,0,2,4,2,18,1,1,5,13,3,1,4,16,2,4,4,5,2,2,0,1,0,1,0,0,2,0,0,1,0,0,2,0,2,0,1,2,1,1,1,2,1,2,3,0,1,0,1,0,1,0,1,0,0,0,0,0,0,1,1,0,2,0,1,0,0
TCGA-BR-8687,0,1,0,0,1,0,0,1,2,1,1,1,0,1,1,2,0,0,0,0,0,0,0,0,0,0,0,0,1,0,1,1,1,1,9,2,4,2,10,5,5,3,3,4,3,3,4,4,0,0,0,0,0,1,1,5,0,1,0,0,0,0,0,0,1,2,1,0,0,14,4,23,0,1,2,3,0,0,1,3,1,0,0,2,0,0,0,41,0,1,1,2,0,1,0,8
TCGA-BR-8690,0,0,2,0,2,2,0,3,4,3,0,6,3,0,1,5,0,0,0,1,0,0,1,1,1,1,0,0,3,2,1,4,0,2,16,1,3,4,7,3,4,3,16,2,2,1,9,0,0,1,2,1,2,1,1,1,0,2,1,0,1,0,0,3,0,0,2,0,1,0,1,0,3,1,3,3,3,2,0,0,0,1,0,1,1,2,0,6,0,0,0,2,2,1,1,1
TCGA-BR-A44T,0,0,0,0,0,0,0,0,0,0,0,0,2,0,1,0,0,0,0,0,0,0,0,0,0,0,0,0,0,0,0,0,1,0,1,0,1,0,6,0,0,1,2,2,0,1,5,0,0,2,0,0,0,0,0,0,0,0,0,0,0,0,0,0,0,0,1,0,0,0,0,0,0,0,0,2,1,0,0,0,0,0,0,0,0,0,0,0,0,0,0,0,0,0,0,0
TCGA-BR-A44U,0,1,0,1,1,1,0,1,1,0,0,0,0,0,0,0,0,1,1,2,0,2,0,1,0,0,0,0,1,0,0,0,2,2,24,0,2,3,10,2,1,0,9,1,0,1,6,2,0,0,0,0,1,0,0,0,0,1,0,0,0,0,0,0,0,0,0,0,0,0,1,3,0,0,1,1,1,1,0,1,0,0,0,0,0,1,0,5,0,1,0,0,0,0,0,0
TCGA-BR-A452,1,0,0,0,0,0,0,0,2,0,0,1,3,1,1,0,0,0,1,0,3,0,0,0,0,1,0,1,3,1,1,7,0,1,8,1,2,2,4,3,1,2,6,1,4,5,9,2,0,0,0,0,0,0,0,0,0,1,0,0,0,0,0,0,1,3,0,1,0,1,0,4,0,2,0,0,1,1,0,1,0,0,0,0,0,0,1,15,1,0,0,1,0,0,0,3
TCGA-BR-A453,0,0,0,1,0,1,1,8,2,1,0,0,1,0,2,2,0,0,0,0,0,0,0,0,0,0,0,0,0,0,0,0,1,0,5,1,2,1,6,2,1,0,11,6,0,1,4,1,0,1,0,1,0,1,1,1,0,0,0,0,1,0,0,0,0,0,0,1,0,0,2,1,0,0,0,1,0,1,0,0,0,0,0,0,0,0,0,0,0,0,0,0,0,0,1,0
TCGA-BR-A4CR,0,1,0,0,2,0,2,3,1,0,0,1,0,0,1,2,0,0,0,0,0,0,0,1,0,0,0,1,0,0,0,0,1,0,10,2,2,0,4,2,1,3,5,2,0,3,1,2,0,0,0,1,0,1,1,3,0,1,1,0,1,0,0,1,0,0,1,0,0,0,3,1,0,1,0,0,1,0,0,0,0,0,0,0,0,0,1,0,0,0,1,0,0,0,0,0
TCGA-BR-A4CS,2,1,0,0,0,3,0,3,2,1,1,0,3,2,1,7,2,0,0,2,1,1,1,1,1,4,1,1,3,5,0,1,1,2,15,1,2,5,18,3,2,3,15,2,4,6,8,5,1,0,0,1,0,2,0,0,0,0,0,0,1,0,0,1,2,1,0,0,1,2,2,0,1,1,0,1,1,1,0,1,0,1,0,2,0,2,1,1,0,0,3,1,0,0,0,1
TCGA-BR-A4IU,0,0,0,0,0,0,0,0,1,0,0,0,0,1,0,0,0,0,0,0,0,0,0,0,0,0,0,0,0,0,0,0,1,0,2,0,0,0,5,0,1,0,4,0,0,0,4,0,0,0,0,0,0,0,0,0,0,0,0,1,0,0,0,0,0,0,0,0,0,1,2,0,0,1,0,0,0,0,0,0,0,0,0,0,0,0,0,0,0,0,0,1,0,0,0,0
TCGA-BR-A4IV,1,0,0,0,1,0,0,1,0,0,0,0,0,0,1,0,0,0,0,1,1,0,0,0,0,0,0,0,0,0,0,0,0,0,3,0,0,1,2,0,0,4,1,0,1,1,1,0,1,0,1,0,0,0,0,2,0,0,0,0,0,0,0,0,0,0,0,0,0,0,0,0,0,0,0,0,0,0,0,0,0,0,0,0,0,0,0,2,0,0,0,0,0,0,0,1
TCGA-BR-A4IY,1,3,0,0,3,1,0,0,2,0,0,2,0,3,0,2,2,1,1,1,3,1,1,0,1,2,0,1,1,4,1,5,2,0,18,3,1,3,16,0,5,1,7,0,2,2,3,3,1,0,0,1,0,1,1,1,0,1,2,0,0,2,0,0,0,3,1,1,0,1,3,0,1,0,1,2,0,1,0,3,0,0,1,0,0,0,2,1,0,0,0,0,1,2,1,0
TCGA-BR-A4IZ,0,0,0,0,0,0,0,0,0,0,0,0,0,0,0,0,0,0,0,0,0,0,0,0,0,0,0,0,0,0,0,0,0,0,1,0,0,0,3,0,0,0,3,0,0,0,1,0,0,0,0,0,0,0,0,0,0,0,0,0,0,0,0,0,0,0,0,0,0,0,0,0,0,0,0,0,0,0,0,0,0,0,0,0,0,0,0,1,0,0,1,0,0,0,0,0
TCGA-BR-A4J1,0,2,1,1,0,1,1,1,0,1,0,2,0,0,0,1,0,2,1,3,2,0,0,0,0,1,0,0,1,1,1,1,0,1,8,0,2,0,3,1,2,0,6,0,4,0,6,1,0,0,0,0,1,0,0,1,0,0,0,0,0,0,0,0,2,1,0,0,0,0,0,1,0,3,0,1,0,0,0,0,0,1,1,0,0,1,0,1,0,0,0,1,1,0,1,0
TCGA-BR-A4J2,0,0,0,0,0,0,0,0,0,1,0,0,0,1,0,0,0,0,0,0,0,0,0,0,0,0,0,0,0,0,0,0,0,0,14,1,1,0,5,0,0,0,8,0,0,1,7,0,0,0,0,0,0,0,2,0,0,0,0,0,0,0,0,0,0,0,1,0,1,0,0,1,0,0,0,0,0,0,0,0,0,0,0,0,0,0,0,1,0,0,0,0,1,0,1,0
TCGA-BR-A4J5,0,0,0,0,0,0,0,0,0,0,0,0,0,0,0,0,0,0,0,0,0,0,0,0,0,0,0,0,0,0,0,0,0,0,0,0,0,0,0,0,0,0,0,0,0,0,0,0,0,0,0,0,0,0,0,0,0,0,0,0,0,0,0,0,0,0,0,0,0,0,0,0,0,0,0,0,0,0,0,0,0,0,0,0,0,0,0,0,0,0,0,0,0,0,0,0
TCGA-BR-A4J6,0,1,0,0,1,0,0,0,1,1,0,2,2,1,0,0,0,1,0,0,0,0,0,0,0,1,0,0,0,0,0,0,1,1,2,2,1,0,1,1,0,1,2,0,2,2,0,0,1,1,0,0,0,0,0,0,0,0,0,0,0,0,0,0,1,0,1,0,0,0,1,2,0,0,0,0,0,0,0,0,0,0,1,0,0,0,0,0,0,0,1,0,1,0,0,0
TCGA-BR-A4J7,0,0,0,0,1,0,1,0,0,0,2,1,0,1,0,0,0,0,0,0,0,0,0,0,0,0,0,0,0,1,0,0,1,1,7,0,0,1,10,2,0,3,9,0,0,1,4,1,0,0,1,0,0,0,0,0,0,0,0,0,0,0,0,0,0,1,0,0,0,0,0,1,0,1,0,2,0,1,0,1,0,0,0,0,0,0,0,1,0,0,0,0,0,1,0,0
TCGA-BR-A4J8,1,1,0,1,1,0,0,0,1,1,0,1,0,1,0,1,0,1,0,0,0,0,1,0,0,0,0,1,0,1,0,0,1,2,16,1,1,1,8,2,1,0,16,1,6,1,8,1,0,1,0,0,1,1,2,0,0,2,0,0,0,0,1,0,1,0,0,1,2,1,1,0,1,0,1,4,0,0,0,1,0,0,0,0,1,0,0,3,0,1,1,1,0,0,0,0
TCGA-BR-A4J9,0,0,0,0,0,0,0,0,0,0,0,0,0,0,0,0,0,0,0,0,0,0,0,0,0,0,0,0,0,0,0,0,0,0,0,0,0,0,0,0,0,0,0,0,0,0,0,0,0,0,0,0,0,0,0,0,0,0,0,0,0,0,0,0,0,0,0,0,0,0,0,0,0,0,0,0,0,0,0,0,0,0,0,0,0,0,0,0,0,0,0,0,0,0,0,0
TCGA-BR-A4PD,1,0,0,0,0,1,0,0,1,4,0,2,1,2,0,1,0,1,0,0,1,0,0,0,1,0,0,0,2,0,1,2,0,4,4,0,4,1,5,1,2,3,6,1,4,4,3,7,0,1,2,0,0,0,0,3,0,0,0,3,0,1,0,1,0,1,1,1,0,7,6,15,1,2,0,2,1,1,0,3,0,0,0,5,0,2,1,21,1,2,1,5,0,2,1,3
TCGA-BR-A4PE,5,1,1,0,0,1,1,2,3,3,0,4,2,3,2,3,1,1,0,1,2,0,1,1,0,0,0,1,2,0,1,1,3,2,28,2,4,5,20,7,1,7,29,2,5,5,10,4,0,0,0,0,0,1,1,1,1,1,2,0,0,0,0,1,0,0,0,1,1,1,1,5,1,2,0,0,1,0,1,0,0,1,0,0,1,1,1,11,1,3,1,3,0,0,1,1
TCGA-BR-A4PF,1,1,2,0,1,1,0,1,2,0,0,1,0,2,0,5,0,0,1,1,1,0,0,1,0,0,0,0,1,1,0,2,0,0,7,0,4,1,9,1,2,3,14,3,3,3,3,1,0,0,0,0,0,0,0,1,0,1,0,1,0,0,0,2,1,1,1,1,1,2,0,2,1,0,1,0,0,2,0,0,0,0,0,0,0,0,2,1,0,0,0,1,0,0,0,0
TCGA-BR-A4QI,2,1,0,0,2,1,0,2,4,0,1,0,2,1,1,1,0,1,0,0,0,1,0,3,1,0,0,0,2,1,0,0,2,0,12,3,2,0,9,2,2,1,15,2,7,6,9,2,0,0,1,0,1,3,2,1,1,2,0,1,0,0,0,3,0,0,1,1,0,2,2,5,1,0,0,0,1,0,2,1,0,0,0,0,0,1,0,6,0,0,0,1,0,1,1,1
TCGA-BR-A4QM,0,1,0,0,1,3,0,0,3,0,0,2,0,1,1,0,0,0,0,0,0,0,0,0,0,0,0,2,1,0,0,0,1,0,12,1,2,3,8,1,2,2,14,2,2,2,6,2,0,0,0,0,0,1,0,3,0,1,2,0,0,0,0,0,1,2,0,0,0,2,2,5,2,1,1,0,0,0,0,1,0,0,0,2,1,0,1,5,0,0,1,0,1,0,0,0
TCGA-CD-5798,0,0,0,0,0,1,0,0,1,1,0,1,2,0,0,1,1,1,0,1,0,0,0,0,0,0,0,0,1,0,0,1,1,2,8,2,2,0,6,2,2,2,10,2,1,2,8,5,1,1,1,1,0,1,2,1,0,1,0,0,0,0,0,0,0,0,2,0,0,0,0,3,0,2,0,0,0,0,0,0,0,0,0,0,0,1,0,3,0,0,0,2,2,0,1,3
TCGA-CD-5799,0,1,0,0,1,0,0,2,1,0,0,1,1,0,0,1,0,0,0,1,0,0,0,0,0,0,0,1,0,1,0,1,1,0,4,0,1,2,5,1,1,0,8,1,0,0,2,0,1,1,1,0,0,1,0,1,0,0,0,0,0,0,0,0,0,1,1,0,0,1,0,2,2,0,1,0,0,0,0,0,0,0,0,0,0,0,0,0,0,0,0,2,0,0,0,0
TCGA-CD-5800,3,0,1,2,0,1,0,1,2,0,0,2,1,0,0,1,1,1,2,1,1,1,0,0,1,0,0,0,2,3,0,1,1,3,15,3,2,2,19,3,1,5,18,2,13,7,14,10,0,0,1,0,1,1,0,0,0,0,0,1,0,1,0,0,2,1,0,1,1,4,0,0,2,1,1,0,2,0,0,0,0,0,0,0,0,1,1,1,0,0,0,2,0,0,0,2
TCGA-CD-5803,0,1,0,1,0,1,0,0,1,2,0,0,1,0,0,0,0,0,0,0,0,0,0,2,0,0,0,1,1,0,0,0,0,1,4,2,1,0,4,1,0,1,4,0,2,0,1,1,0,1,2,0,0,0,0,0,0,0,1,0,0,0,0,0,0,0,1,0,0,1,0,1,0,1,0,0,0,1,0,0,0,0,0,0,0,0,0,0,0,0,0,1,0,0,0,0
TCGA-CD-5804,0,0,0,2,1,0,0,0,2,0,1,2,1,2,0,1,0,0,0,0,0,0,0,0,0,0,0,0,0,1,0,3,1,1,9,1,1,1,13,3,1,2,11,0,2,0,7,2,0,0,1,0,1,0,0,1,0,0,0,0,0,0,0,0,1,0,1,0,1,1,1,2,2,2,0,0,0,0,1,1,0,0,1,1,0,0,0,0,0,0,0,0,0,0,1,0
TCGA-CD-5813,1,0,1,0,3,1,0,0,2,2,0,2,1,3,1,3,1,1,0,0,1,0,1,1,1,1,0,1,3,0,1,5,0,6,17,0,3,0,15,2,6,4,16,1,4,3,8,3,0,2,0,2,0,3,3,2,0,0,0,0,0,3,3,1,4,2,3,3,0,2,4,1,2,3,0,2,3,1,1,0,0,1,0,2,1,2,2,4,0,0,0,1,1,0,0,0
TCGA-CD-8524,1,1,0,1,1,1,0,1,4,3,0,2,2,2,1,3,2,1,1,0,0,1,0,1,0,1,0,1,1,0,0,0,2,1,22,3,2,3,21,4,3,5,19,3,3,3,7,1,0,2,0,0,0,0,0,0,0,1,0,0,1,0,1,0,1,0,2,1,1,1,1,2,1,1,0,1,1,0,0,0,0,0,0,0,0,0,2,6,0,0,0,1,0,0,0,0
TCGA-CD-8525,0,0,0,0,0,1,0,1,3,1,0,1,0,1,0,1,2,0,0,0,0,1,1,1,0,0,0,1,1,0,0,9,0,1,7,2,1,1,2,1,0,0,8,0,4,2,7,1,0,0,0,0,1,0,0,0,0,0,0,0,0,0,0,1,2,0,1,2,0,3,2,1,0,1,0,1,1,0,0,0,1,1,0,0,1,0,1,2,0,0,0,0,0,0,0,1
TCGA-CD-8526,0,0,0,0,0,1,0,0,2,1,1,0,0,0,0,1,0,1,0,1,0,0,0,1,0,0,0,1,1,1,1,1,0,2,2,1,0,0,8,0,1,0,7,0,0,1,4,1,0,0,0,0,0,0,0,0,0,0,0,0,0,0,0,0,0,0,0,0,0,0,0,0,1,0,1,0,0,0,0,1,0,0,0,0,0,0,0,0,0,0,0,0,0,0,0,0
TCGA-CD-8527,4,3,0,1,1,2,1,6,3,3,0,3,1,3,1,4,0,2,0,1,0,2,0,2,0,0,0,5,1,0,2,3,3,3,25,2,5,2,31,4,7,5,38,9,4,3,17,1,0,1,2,0,1,1,2,2,1,0,0,1,1,2,0,1,1,1,4,0,2,4,7,3,3,3,8,2,0,0,1,1,0,0,0,0,0,0,2,7,0,0,1,3,0,0,0,3
TCGA-CD-8528,0,2,0,0,1,1,0,2,0,0,2,0,0,1,0,2,0,0,0,1,1,1,0,0,1,0,0,1,0,0,0,1,0,0,20,1,2,4,17,1,2,2,14,1,0,1,11,0,0,0,1,0,0,0,1,0,0,0,0,0,0,1,0,1,0,1,2,2,0,0,4,0,0,1,1,0,1,0,0,1,0,0,0,0,1,0,1,2,0,0,0,0,1,0,0,0
TCGA-CD-8529,4,3,5,4,5,5,2,4,3,4,3,6,6,7,1,7,7,3,3,5,6,4,1,9,7,3,3,5,9,14,1,27,3,9,17,6,7,4,14,7,5,6,12,7,16,17,9,6,2,2,3,6,2,3,4,4,2,2,1,3,1,2,1,1,1,4,1,2,0,1,5,5,0,4,4,3,3,1,1,2,3,3,2,1,0,0,4,1,1,1,4,0,1,1,4,2
TCGA-CD-8530,2,0,0,0,2,0,0,1,1,0,1,0,1,1,1,2,0,1,0,2,1,1,0,1,0,0,0,1,2,2,0,1,0,0,10,0,1,0,5,2,1,0,9,0,5,1,4,2,1,0,0,1,0,0,1,1,0,0,0,1,0,0,0,0,1,0,1,0,0,2,0,2,1,1,1,1,0,1,2,0,1,0,1,0,0,0,1,9,0,0,0,2,0,0,0,1
TCGA-CD-8531,0,2,0,0,3,1,0,3,1,0,0,3,1,6,0,1,2,2,1,0,1,0,0,3,1,2,0,2,0,3,1,2,7,9,20,3,11,4,17,0,7,6,26,3,3,2,10,4,0,0,0,3,2,1,5,2,1,1,1,0,1,1,1,1,5,4,4,3,2,0,4,1,1,5,2,1,0,2,2,1,2,1,1,1,0,1,1,3,2,0,1,4,2,1,0,1
TCGA-CD-8532,1,0,0,0,0,0,0,1,0,0,1,0,0,0,0,0,0,0,0,0,0,0,0,1,1,0,0,0,0,0,0,0,1,1,6,1,1,1,3,1,0,0,2,0,3,1,5,2,0,0,0,0,0,1,1,1,0,0,0,0,0,0,0,1,2,0,0,1,0,0,0,2,2,0,0,2,0,0,0,1,0,0,0,0,0,0,0,0,1,0,0,0,0,0,0,0
TCGA-CD-8534,0,2,0,0,0,0,1,0,0,0,0,0,0,1,1,1,0,0,0,0,0,0,0,0,0,1,0,1,0,0,0,2,2,2,11,0,1,1,7,0,1,1,12,0,5,1,4,6,0,1,0,0,0,1,0,1,0,0,0,0,0,0,0,0,1,2,1,2,0,1,0,0,1,0,1,0,0,0,0,1,0,0,1,0,0,1,0,0,0,0,0,0,0,0,0,1
TCGA-CD-8535,0,1,0,1,0,0,1,4,0,4,0,0,2,2,2,2,1,2,0,2,0,0,0,2,0,2,1,1,2,0,0,1,5,4,9,2,4,2,17,4,7,4,13,6,9,13,14,8,0,0,4,0,0,0,1,7,0,0,1,2,2,3,2,1,0,0,2,1,3,5,3,23,0,2,2,0,1,0,0,2,2,0,0,6,0,5,3,26,0,1,1,7,0,2,2,9
TCGA-CD-A486,1,1,0,0,0,0,1,1,2,0,0,1,0,3,0,3,0,0,0,0,0,0,0,0,1,2,0,0,0,0,0,1,2,0,9,2,1,1,9,2,0,1,18,0,1,6,7,2,0,0,1,1,0,0,0,1,0,0,1,0,0,0,0,0,1,0,2,1,1,1,0,2,1,0,2,0,1,0,0,0,0,0,0,0,0,0,1,0,0,0,0,0,0,0,1,0
TCGA-CD-A487,1,2,0,0,1,4,0,0,1,0,2,0,0,2,1,2,1,1,1,2,1,0,0,1,1,0,0,0,4,2,0,2,3,3,7,2,3,3,17,3,4,2,12,3,11,7,8,2,0,1,0,0,0,2,0,3,0,0,1,1,0,0,0,1,2,1,2,1,2,3,2,8,2,0,1,0,0,1,0,1,0,0,0,2,0,0,1,24,1,0,0,8,0,0,0,5
TCGA-CD-A489,2,0,1,1,0,1,0,0,0,0,1,2,1,1,0,0,0,1,1,0,0,1,0,0,0,0,0,0,0,0,1,0,1,1,6,0,4,2,4,1,0,0,6,2,4,2,6,4,0,1,0,2,0,0,1,0,0,0,0,2,0,0,0,0,0,0,3,2,0,0,2,2,0,0,0,2,1,0,0,1,1,1,0,0,1,0,0,3,0,0,2,0,0,0,0,2
TCGA-CD-A48A,0,1,1,1,3,2,1,1,3,1,0,3,2,2,2,3,1,0,1,3,0,1,0,0,1,1,0,0,1,0,0,3,3,1,20,0,3,1,17,3,2,4,16,2,5,4,17,7,1,0,2,2,0,1,1,5,0,1,2,0,0,1,0,2,0,3,0,1,0,5,5,13,2,6,1,2,0,2,1,2,0,3,1,0,1,0,0,25,1,2,0,10,0,1,3,3
TCGA-CD-A48C,2,1,1,3,3,2,1,0,3,2,1,3,1,3,0,4,1,3,0,1,0,2,0,3,0,1,0,1,2,0,1,3,0,2,13,4,5,1,17,3,0,3,15,3,6,1,14,6,0,1,1,1,2,4,1,4,0,0,3,1,0,2,0,2,0,0,0,4,0,3,7,10,0,2,0,3,0,0,0,0,0,0,1,1,0,1,1,29,2,1,2,4,1,1,1,2
TCGA-CD-A4MH,1,0,0,1,2,0,1,0,1,1,0,1,1,0,0,1,0,0,0,0,1,0,0,1,0,0,0,0,0,1,1,1,2,3,11,0,1,0,9,2,3,4,10,6,3,0,2,3,1,0,1,1,0,0,1,1,0,0,0,0,0,0,0,0,2,1,1,2,0,0,0,0,0,1,1,0,0,0,0,0,0,0,0,0,0,1,0,0,0,1,0,0,0,0,0,0
TCGA-CG-4301,0,0,0,1,1,0,0,0,1,0,0,0,1,0,0,2,0,0,0,0,1,0,0,0,0,1,0,0,2,1,0,4,1,0,4,1,3,1,5,1,1,1,4,0,2,2,1,1,0,0,0,1,1,1,0,0,1,0,0,0,1,0,0,0,0,0,1,1,0,0,1,0,0,0,0,1,1,0,0,1,0,0,0,0,0,0,0,0,0,0,0,1,0,0,0,1
TCGA-CG-4304,0,0,0,1,0,0,0,1,1,1,0,0,1,0,0,1,1,1,0,0,0,0,0,0,2,1,0,0,3,1,1,2,2,2,9,0,2,0,4,0,1,2,7,2,3,2,5,1,0,0,0,0,1,0,0,3,0,0,0,0,0,0,0,0,0,0,1,0,0,0,1,0,1,0,0,0,0,0,0,2,0,0,0,0,0,1,2,1,0,0,1,0,2,0,0,0
TCGA-CG-4436,0,3,1,3,0,1,0,1,1,2,0,1,1,0,0,0,3,0,1,0,0,1,0,1,0,1,0,0,2,6,0,4,0,2,21,0,6,1,21,3,1,2,15,0,0,3,10,3,1,2,0,2,0,1,1,2,0,0,0,0,0,1,0,2,0,2,0,1,1,0,2,9,1,1,1,4,1,0,1,1,0,2,0,0,0,2,0,28,0,1,0,3,0,0,1,4
TCGA-CG-4437,8,6,1,3,4,3,4,5,8,10,0,8,2,9,1,8,10,8,3,4,14,8,2,10,6,2,2,10,8,10,2,23,5,4,27,10,10,7,26,15,7,11,34,8,12,14,14,6,0,4,3,6,1,4,9,5,4,3,4,2,2,3,2,3,3,3,4,3,4,7,10,4,3,4,3,3,1,4,4,1,0,2,2,0,2,4,8,3,5,4,3,2,0,3,2,3
TCGA-CG-4438,4,0,0,0,3,0,0,1,2,0,1,1,0,1,0,2,0,2,1,1,1,2,1,2,0,2,1,0,6,4,1,8,5,3,11,0,3,0,13,0,2,3,9,1,5,1,5,5,0,0,0,0,0,2,1,0,0,0,0,0,0,1,0,1,1,1,2,0,0,2,2,1,2,0,1,1,2,1,2,0,0,1,1,0,1,3,0,1,3,0,2,0,0,1,1,1
TCGA-CG-4440,2,1,0,0,2,2,0,2,1,1,0,1,1,2,1,3,0,0,1,0,1,2,0,0,0,1,0,2,1,0,1,4,0,1,7,0,1,0,5,3,3,3,14,1,4,5,10,6,0,2,0,1,0,0,0,2,0,0,1,0,0,0,0,0,0,1,1,2,0,1,2,1,0,0,2,0,1,0,1,1,0,0,1,2,0,2,1,7,0,0,0,1,0,1,1,2
TCGA-CG-4441,0,1,0,1,3,0,1,2,1,1,1,0,0,1,0,2,0,0,0,0,0,0,0,1,0,2,0,0,1,0,1,3,2,1,12,2,2,2,15,5,0,6,9,2,0,2,13,1,0,1,1,0,0,0,0,0,0,0,1,0,1,0,0,0,0,0,1,0,0,1,1,3,1,0,1,1,0,1,1,0,0,1,0,1,0,0,1,12,0,0,0,3,0,1,0,0
TCGA-CG-4443,1,1,0,2,2,1,1,0,0,0,1,1,0,2,1,1,3,1,0,1,4,0,1,2,0,3,0,0,4,1,1,4,1,2,6,2,1,3,2,1,1,2,7,0,6,5,0,1,2,0,1,0,1,1,1,0,2,0,0,0,0,0,0,1,1,0,3,3,1,0,0,2,1,0,0,1,0,1,1,1,0,0,0,0,0,0,1,0,0,1,0,0,0,0,0,1
TCGA-CG-4444,0,3,0,1,0,0,1,3,2,1,1,0,4,2,2,1,2,1,0,0,0,1,0,0,2,1,0,0,2,1,1,3,1,1,11,2,2,3,8,4,3,3,9,0,1,5,8,5,0,0,0,0,0,0,0,8,0,1,0,1,0,1,1,1,0,1,2,1,1,2,2,13,1,0,0,1,0,0,2,1,0,1,2,2,1,2,0,37,1,2,1,4,1,1,1,1
TCGA-CG-4462,0,2,0,0,0,0,2,0,0,0,0,0,1,0,0,1,1,1,0,1,0,0,0,1,0,0,0,0,1,1,0,1,0,0,13,0,1,1,13,4,0,2,11,1,0,0,8,1,0,0,0,0,0,0,1,0,0,0,0,0,0,0,0,0,0,1,1,0,0,0,0,1,0,1,0,1,0,2,1,0,0,0,0,0,0,0,0,5,0,0,0,0,0,0,0,2
TCGA-CG-4466,1,2,1,1,0,2,0,1,3,1,0,0,4,3,0,2,0,2,3,0,3,0,1,1,0,3,0,1,1,1,0,5,1,2,15,3,4,3,7,0,4,4,13,0,4,6,9,2,0,2,1,1,0,1,0,4,0,1,0,0,0,0,0,0,1,1,0,0,1,8,4,4,1,3,1,3,1,0,1,3,0,0,0,3,0,1,3,31,0,0,0,4,2,0,0,9
TCGA-CG-4469,3,5,0,2,1,1,0,3,3,1,0,1,0,2,0,7,2,2,0,1,1,0,1,3,1,1,1,4,2,2,3,3,4,4,18,2,1,3,22,4,3,5,25,2,6,7,12,3,2,3,0,2,0,0,0,5,0,0,3,0,0,1,1,1,2,1,1,2,4,3,7,14,0,4,1,2,1,1,1,3,1,1,1,3,0,4,4,53,1,3,0,12,2,1,1,5
TCGA-CG-4475,0,0,0,1,0,1,0,0,1,0,1,0,0,1,0,0,0,0,0,1,0,0,0,1,0,0,0,1,0,2,0,2,1,1,6,1,0,0,4,1,2,1,3,0,0,1,4,3,0,0,1,0,1,0,0,0,0,0,0,0,0,1,1,0,1,2,0,1,0,0,1,0,0,0,1,0,0,0,0,0,1,0,0,0,0,1,0,0,0,0,1,0,0,0,0,2
TCGA-CG-4476,2,3,0,0,1,0,1,2,4,1,1,2,0,1,0,3,1,1,1,1,0,0,1,1,2,2,0,0,2,3,1,4,2,1,12,0,0,3,9,2,1,6,10,3,7,2,5,4,0,0,3,0,1,1,0,0,0,1,0,1,0,2,0,0,3,0,1,0,0,1,0,3,1,0,2,1,2,0,0,1,0,0,0,0,0,0,1,1,0,0,0,0,0,0,0,1
TCGA-CG-4477,0,1,1,0,1,0,1,1,1,0,0,0,1,2,0,0,0,2,0,2,2,0,0,0,0,0,0,0,0,1,0,2,1,0,8,0,1,0,3,2,1,4,5,1,1,5,3,1,0,0,0,0,1,0,0,1,0,0,0,0,0,1,0,0,0,0,1,0,0,2,0,1,0,0,0,0,0,1,0,0,0,0,0,0,0,0,1,1,1,0,1,0,0,1,0,0
TCGA-CG-5717,1,1,0,3,1,1,0,1,3,4,0,1,1,2,0,2,2,2,0,3,2,1,1,2,1,1,3,4,7,3,1,14,3,2,10,1,2,4,4,4,3,2,9,4,5,2,5,3,0,2,1,0,1,1,2,0,1,1,0,1,1,0,0,3,3,1,5,3,0,4,9,4,3,1,3,2,2,1,1,0,0,1,1,0,0,1,1,1,0,1,0,0,0,0,0,1
TCGA-CG-5718,0,4,0,0,1,0,0,0,3,2,1,0,1,1,1,1,0,0,0,0,0,0,0,2,0,1,0,0,2,2,0,0,0,0,6,0,2,4,8,3,0,1,9,2,3,5,6,5,0,0,0,0,0,0,2,0,0,0,1,1,0,0,0,1,0,1,0,1,0,0,2,1,0,2,0,2,0,0,2,0,0,0,1,0,1,0,1,1,0,0,0,0,0,0,0,0
TCGA-CG-5719,1,0,0,0,0,0,0,0,0,0,1,0,1,0,0,1,1,0,0,0,0,0,2,1,0,3,0,0,1,0,0,5,0,4,12,1,2,0,12,3,2,4,11,2,5,3,8,3,0,0,1,0,0,0,1,0,0,0,0,1,1,0,1,1,0,0,0,2,0,0,2,2,1,1,0,0,1,0,0,0,0,0,0,0,0,0,0,1,0,0,0,0,0,1,0,1
TCGA-CG-5720,2,2,0,0,2,1,0,0,3,0,0,1,1,1,1,1,0,0,1,1,1,0,0,0,0,0,0,0,5,0,0,5,1,1,7,2,1,1,11,2,0,3,10,3,3,5,3,1,0,1,1,0,0,0,2,1,0,0,0,0,0,0,0,0,3,0,1,1,0,0,2,3,0,1,1,2,0,1,0,0,1,0,0,0,0,2,0,1,0,0,0,1,0,1,0,1
TCGA-CG-5724,0,1,0,0,0,2,0,0,2,0,0,0,2,0,0,1,0,0,2,0,1,0,0,1,0,0,0,0,1,1,0,1,2,2,12,0,2,1,11,3,4,2,13,1,1,1,9,2,1,0,1,0,1,1,0,0,0,0,0,0,1,0,0,0,1,2,0,0,0,0,1,5,0,1,2,0,3,0,1,2,0,2,0,1,0,0,2,11,0,0,0,2,0,0,0,1
TCGA-CG-5732,1,0,0,1,0,0,1,2,1,2,0,0,2,1,0,0,0,0,0,1,1,0,0,1,2,0,0,0,0,2,1,2,1,0,7,0,2,0,9,1,3,1,3,1,1,4,4,1,0,0,0,0,0,0,0,0,1,0,0,0,0,0,0,0,1,1,1,1,3,0,0,1,1,1,0,0,0,1,0,0,0,0,2,0,0,1,0,1,0,1,0,1,0,0,1,0
TCGA-CG-5734,3,1,1,2,0,0,1,1,1,1,0,1,0,0,0,1,0,0,0,0,0,0,0,0,0,0,1,0,0,0,0,1,2,2,9,0,2,3,13,2,1,5,17,1,1,3,9,1,0,0,1,0,0,1,1,0,1,0,0,0,2,1,0,0,2,0,1,2,0,1,4,2,1,1,1,1,0,0,0,0,0,0,0,0,0,0,0,7,0,0,1,0,0,0,0,2
TCGA-D7-5578,1,2,0,3,0,0,2,2,1,1,3,0,4,3,2,4,0,0,1,0,2,0,1,5,1,0,1,0,4,2,0,7,1,2,24,1,3,0,30,7,3,11,28,0,9,1,13,6,1,0,1,1,0,1,1,5,0,0,0,3,0,2,0,0,3,1,1,0,1,2,5,7,2,1,2,5,1,1,4,2,0,1,1,1,0,2,2,24,0,0,0,4,2,1,0,1
TCGA-D7-6518,0,2,0,1,1,0,1,1,1,1,0,1,3,0,0,2,1,1,0,0,1,0,0,1,0,1,1,0,1,1,0,4,3,2,12,0,1,3,11,1,1,3,12,0,4,3,6,1,1,1,0,0,0,0,1,0,0,0,1,0,0,1,0,0,0,0,0,2,1,1,3,0,0,1,0,0,0,0,0,0,0,0,0,0,1,1,0,3,0,0,0,0,0,0,0,1
TCGA-D7-6519,3,2,0,0,0,1,1,2,0,0,1,0,2,0,1,0,0,0,0,0,1,0,0,0,0,1,0,0,0,0,0,1,1,2,9,1,2,3,2,1,0,1,3,0,2,0,7,1,0,0,1,0,0,0,0,0,0,0,0,0,0,1,0,0,0,1,0,0,0,0,0,0,0,0,0,2,0,0,1,0,0,0,1,0,0,0,0,1,0,0,0,0,0,0,0,0
TCGA-D7-6520,0,2,0,1,0,0,0,0,1,0,0,0,0,1,0,2,1,1,0,0,0,0,0,0,0,0,0,1,2,0,0,3,0,1,4,0,2,3,9,0,0,1,8,0,2,1,3,2,0,0,0,0,0,0,0,1,0,1,1,0,0,1,0,0,0,0,0,1,2,1,2,0,0,2,1,0,0,1,0,1,0,0,0,0,1,0,0,2,0,0,0,1,0,0,0,0
TCGA-D7-6521,0,0,1,0,1,0,1,0,0,1,1,0,1,2,1,0,0,0,0,0,0,0,0,0,1,0,0,0,0,2,0,0,0,2,12,1,0,1,10,3,2,3,9,1,8,1,14,4,0,0,0,0,0,0,0,0,0,0,0,0,0,0,0,0,1,1,0,0,1,0,0,1,0,0,0,1,1,0,0,0,1,0,0,0,0,1,0,0,0,0,0,0,0,0,1,0
TCGA-D7-6522,0,2,0,0,1,0,0,0,3,2,0,3,0,1,1,1,0,0,0,0,0,0,0,0,0,1,0,0,1,1,0,0,2,1,14,2,0,0,9,0,1,2,5,4,0,0,5,2,0,0,0,0,0,0,0,2,0,0,0,0,0,0,0,0,1,0,0,0,0,1,3,2,0,0,0,0,1,2,0,1,0,0,0,0,0,0,0,5,0,1,0,1,0,0,0,0
TCGA-D7-6524,1,2,2,1,1,0,1,0,4,0,0,3,4,0,2,3,0,1,0,1,0,1,0,0,0,0,0,1,0,0,1,0,2,4,17,0,1,2,11,1,1,4,12,0,1,0,15,1,0,2,0,1,0,0,0,0,0,0,0,0,0,0,0,1,1,0,1,2,0,1,0,0,2,2,0,1,0,0,0,1,0,0,0,1,0,0,0,0,0,0,0,0,0,0,0,0
TCGA-D7-6525,1,1,1,0,3,0,2,3,3,0,1,1,4,2,0,7,0,1,0,0,1,1,1,2,0,0,0,0,0,2,0,2,1,2,11,3,3,5,10,2,2,1,16,1,7,3,9,4,1,3,0,0,0,0,0,0,2,0,0,1,0,0,0,0,1,2,0,1,2,2,2,10,0,3,1,2,0,0,4,0,0,0,0,1,0,0,1,15,0,0,2,1,0,0,1,1
TCGA-D7-6526,4,3,1,2,2,0,1,1,3,6,1,2,0,1,0,2,3,1,0,2,1,1,1,0,1,1,0,0,1,3,1,3,4,2,7,0,2,3,18,3,3,4,14,1,9,6,12,9,0,0,2,0,1,2,0,8,0,1,0,2,1,0,0,1,2,0,5,1,2,7,4,10,0,0,1,1,1,1,0,1,1,1,1,1,0,2,1,15,0,0,1,6,1,1,0,5
TCGA-D7-6527,0,1,0,0,2,1,0,0,2,0,0,2,1,2,0,2,0,0,2,1,0,1,1,2,0,0,0,0,2,4,0,7,3,1,15,0,6,1,11,2,2,3,17,1,6,5,4,4,0,1,0,0,0,3,1,1,0,0,1,0,1,0,0,0,0,1,2,1,1,2,5,17,1,4,1,3,1,3,1,2,0,1,1,9,1,3,1,39,0,1,0,7,1,3,0,10
TCGA-D7-6528,3,2,0,2,1,1,0,1,1,2,2,2,0,3,0,6,1,2,0,1,2,1,0,0,0,1,1,2,7,5,0,7,4,3,9,3,10,6,14,7,4,3,22,3,14,11,12,4,2,0,1,3,1,5,0,11,1,1,2,3,1,3,0,1,3,3,3,4,2,5,5,17,2,3,3,1,3,0,3,1,0,0,1,5,0,5,2,53,0,2,2,9,1,2,1,20
TCGA-D7-6815,1,3,0,0,2,1,0,0,1,0,0,3,2,1,1,1,0,0,0,0,1,0,2,0,1,1,0,0,1,2,0,0,2,2,16,5,3,2,31,2,3,3,17,4,2,3,6,3,0,1,0,3,0,0,0,1,0,0,0,0,0,0,1,0,2,0,2,1,0,0,0,3,1,1,0,1,2,0,0,0,0,0,0,0,0,0,0,2,0,0,1,0,0,2,0,0
TCGA-D7-6817,1,1,1,1,3,1,0,1,0,0,0,1,0,1,0,0,1,2,0,1,3,1,1,0,0,0,1,0,2,2,1,0,1,1,7,0,0,2,12,1,1,5,10,0,0,1,3,1,1,1,1,0,1,0,0,0,1,0,0,1,1,0,0,0,1,1,1,0,0,2,1,1,0,0,2,2,0,1,0,1,0,0,0,0,0,0,0,3,1,1,0,0,1,1,0,1
TCGA-D7-6818,0,0,0,1,2,1,1,0,0,1,1,1,0,2,1,1,1,1,0,0,1,0,0,0,0,0,1,0,1,0,1,1,2,0,8,1,4,1,7,3,2,1,11,2,1,3,2,3,1,0,1,1,0,1,1,3,0,0,0,0,0,0,0,0,0,1,3,1,2,6,3,15,1,4,1,1,0,1,1,1,1,0,0,6,0,0,1,32,0,0,0,5,1,0,1,4
TCGA-D7-6820,1,2,1,0,1,0,0,0,2,0,1,1,1,0,0,0,0,0,0,2,0,0,0,2,1,2,0,1,3,3,0,2,3,0,11,0,1,3,8,0,1,1,7,3,7,4,3,0,0,0,0,0,0,0,1,3,0,0,0,0,2,2,0,1,0,2,2,0,0,3,4,0,0,1,1,1,0,0,0,1,0,0,0,0,1,1,0,0,0,2,1,0,0,0,0,2
TCGA-D7-6822,0,5,0,1,1,0,1,0,1,0,0,1,3,1,0,3,1,1,0,2,3,2,1,2,0,0,0,0,1,3,0,2,0,3,9,4,3,3,13,2,2,5,14,2,8,4,10,6,0,3,0,1,0,1,1,6,0,3,3,0,0,1,0,3,0,2,2,1,1,7,9,15,0,1,2,5,0,2,0,0,0,0,0,7,0,8,2,34,0,3,0,10,0,3,0,10
TCGA-D7-8572,4,3,1,3,0,1,1,0,5,1,1,2,4,3,2,2,1,1,0,0,4,0,1,2,1,1,1,2,3,1,1,4,7,2,11,5,3,5,11,1,2,4,9,5,2,7,10,6,1,0,0,0,1,0,1,2,0,1,2,1,1,0,0,2,1,0,1,2,1,2,0,2,0,0,0,2,1,1,3,2,0,1,1,1,1,1,2,3,1,0,1,2,0,1,0,1
TCGA-D7-8574,1,0,0,0,0,0,1,0,2,0,0,1,0,0,0,1,0,0,0,0,0,0,0,0,0,0,0,0,0,0,0,0,2,0,6,1,1,0,8,1,0,0,3,1,0,0,0,0,0,0,0,0,0,0,0,0,0,0,0,0,0,0,0,0,0,0,0,0,1,1,1,0,0,0,0,0,0,0,0,0,0,0,0,0,0,0,0,0,0,1,0,0,0,0,0,0
TCGA-D7-8575,1,0,1,2,0,0,0,0,1,0,0,0,1,0,0,1,0,0,0,0,0,0,1,1,0,0,1,0,2,0,0,1,2,1,6,0,2,1,5,2,0,0,4,1,0,0,5,0,0,1,0,0,0,0,0,0,0,0,0,0,0,1,0,0,0,0,0,0,0,0,1,0,0,1,1,0,0,0,0,0,0,0,0,1,0,0,1,0,0,0,0,0,0,0,0,0
TCGA-D7-8576,0,0,1,0,0,0,0,0,0,1,0,2,0,1,0,0,0,0,0,0,0,0,1,1,1,0,0,2,0,1,0,0,1,1,8,1,0,1,8,2,1,2,9,0,2,3,3,0,0,0,0,0,0,0,0,0,0,0,0,0,0,1,0,0,1,0,1,1,1,1,0,0,1,0,2,0,0,0,0,0,0,1,0,0,0,1,1,0,0,0,0,0,0,0,0,0
TCGA-D7-8578,0,2,0,0,1,0,1,0,0,1,2,0,0,0,0,0,0,0,0,0,1,0,0,0,0,0,0,0,0,0,0,0,1,2,4,0,1,0,12,3,1,0,9,0,0,0,5,0,0,0,0,1,1,0,0,0,1,0,0,0,0,1,0,0,1,0,0,1,0,0,0,0,0,1,1,0,0,0,0,0,0,0,0,0,0,0,0,0,0,0,0,0,1,0,1,1
TCGA-D7-8579,2,0,0,0,0,0,0,0,0,1,0,0,0,1,0,1,0,0,0,0,1,0,1,0,1,1,0,0,0,0,0,1,1,1,10,1,1,1,9,0,0,1,14,2,1,1,7,0,0,3,2,0,0,1,1,0,0,0,0,0,0,0,0,0,0,1,0,1,0,2,4,6,0,1,2,3,1,0,1,0,0,1,0,2,1,1,0,18,0,0,0,5,0,0,0,2
TCGA-D7-A4YT,2,4,1,1,5,7,1,7,3,6,0,2,5,5,4,3,2,2,3,2,4,2,0,7,1,2,2,4,7,7,3,10,7,4,14,3,6,6,7,6,4,2,14,3,6,9,11,10,0,1,2,1,1,2,3,5,1,2,2,0,1,1,0,1,1,1,2,3,1,2,2,2,3,1,2,0,3,2,2,3,0,0,0,2,0,4,4,4,1,1,3,2,0,1,4,1
TCGA-D7-A4YU,3,2,0,2,5,0,0,2,5,1,1,2,3,2,0,0,1,2,0,1,1,1,0,1,1,1,0,2,2,0,0,3,1,2,21,1,2,2,19,6,2,5,21,4,3,5,15,3,0,0,1,1,1,0,0,3,1,0,0,3,0,1,0,1,1,2,0,2,0,4,4,6,1,1,1,3,0,4,2,1,0,1,0,1,0,3,1,19,2,0,1,3,0,0,2,1
TCGA-D7-A4Z0,0,0,0,1,2,0,0,0,0,1,0,0,0,1,0,2,1,1,0,1,0,0,1,0,0,0,0,0,2,2,1,1,4,2,11,0,1,1,9,1,1,4,17,1,2,3,5,1,1,0,0,0,0,3,2,15,1,0,0,0,1,0,2,2,0,1,1,2,1,13,7,35,1,4,0,0,2,3,0,2,0,2,0,8,0,4,2,99,0,2,0,21,0,1,0,9
TCGA-EQ-8122,0,1,0,0,1,3,0,0,0,1,0,4,2,3,1,2,1,0,1,0,0,0,2,2,0,1,0,1,2,0,1,4,4,2,17,3,5,2,19,6,5,4,18,4,12,7,17,5,1,0,0,0,0,1,1,1,0,1,0,0,1,2,0,1,3,0,0,0,0,5,1,4,1,2,0,2,0,1,0,0,0,0,2,0,1,0,0,4,2,0,0,0,0,0,1,0
TCGA-EQ-A4SO,3,4,0,4,2,3,2,0,3,1,0,1,3,5,0,1,0,1,1,1,1,4,2,5,0,2,1,4,10,1,1,10,2,0,2,0,4,0,9,7,4,4,7,6,4,2,4,1,1,1,0,0,1,1,1,1,1,1,1,0,0,2,1,1,1,1,4,2,3,0,2,1,3,1,1,0,0,0,1,2,0,0,2,0,1,0,1,2,0,1,0,1,0,0,2,0
TCGA-F1-6875,0,1,1,0,2,0,0,1,0,0,0,1,1,1,0,0,0,0,1,1,0,0,0,0,0,2,0,0,0,0,1,2,1,0,11,1,2,2,13,1,1,2,8,0,3,1,8,4,0,0,1,0,0,1,0,0,0,0,0,0,0,0,0,0,0,1,2,2,0,0,1,2,1,2,1,1,0,1,0,1,0,0,0,0,0,1,0,2,0,1,0,1,0,0,0,2
TCGA-FP-7735,0,1,0,0,1,0,0,1,1,0,0,0,0,1,0,1,0,0,1,0,0,0,0,0,2,1,0,0,2,0,1,1,1,0,11,0,2,2,4,1,2,0,1,0,6,3,4,3,1,0,0,0,0,0,1,0,0,0,0,0,1,0,0,0,0,0,0,0,0,0,2,2,0,0,0,0,1,0,1,1,0,0,1,1,0,0,0,0,0,0,0,0,0,0,1,0
TCGA-FP-7829,3,1,1,0,6,1,0,3,17,3,1,4,2,5,0,13,0,1,0,2,1,0,0,0,0,1,0,0,1,0,1,1,2,3,24,5,5,5,27,5,5,4,24,5,3,10,17,7,0,2,1,1,0,0,0,4,0,1,1,1,1,2,0,1,0,2,3,0,0,3,4,3,2,1,1,2,0,0,1,0,0,0,0,0,1,0,2,6,0,2,0,4,0,0,1,2
TCGA-FP-8099,1,1,0,0,2,0,3,1,1,0,0,4,1,0,2,2,0,0,0,0,1,1,0,1,0,2,0,0,2,0,0,0,4,1,19,1,0,1,16,6,4,2,21,5,4,4,16,3,0,0,0,1,0,0,0,0,0,0,0,0,0,0,0,0,1,0,2,0,0,0,1,2,1,2,0,0,1,1,1,0,0,1,0,0,0,0,1,0,0,0,0,1,0,0,0,2
TCGA-FP-8209,0,0,0,0,0,0,0,0,0,0,0,0,0,0,0,0,0,0,0,0,0,0,0,0,0,0,0,0,0,0,0,0,0,0,0,0,0,0,0,0,0,0,1,0,0,0,0,0,0,0,0,0,0,0,0,0,0,0,0,0,0,0,0,0,0,0,0,0,0,0,0,0,0,0,0,0,0,0,0,0,0,0,0,0,0,0,0,0,0,0,0,0,0,0,0,0
TCGA-FP-8210,0,0,0,0,0,0,0,0,0,0,0,0,0,0,0,0,0,0,0,0,0,0,0,0,0,0,0,0,0,0,0,0,0,0,1,0,0,0,1,0,1,0,0,0,0,0,0,0,0,0,1,0,0,0,0,0,0,0,0,0,0,0,0,0,0,0,0,0,0,0,1,0,0,1,0,0,0,0,0,0,0,0,0,0,0,0,0,0,0,0,0,0,0,0,0,0
TCGA-FP-8211,1,3,0,3,1,2,0,1,0,1,0,0,2,1,0,4,0,2,0,1,2,0,1,4,2,0,1,3,7,1,0,1,0,0,3,1,2,2,1,1,0,4,3,2,2,1,2,1,2,0,0,0,0,0,2,1,0,0,0,0,0,1,1,1,0,1,1,1,1,1,1,3,0,1,1,1,0,1,0,2,0,1,0,0,0,0,2,1,0,0,0,2,0,0,2,0
TCGA-FP-8631,1,1,0,0,1,0,0,1,1,1,0,0,2,0,0,3,1,0,1,1,0,1,1,1,0,0,0,1,0,1,0,3,2,0,4,3,3,2,6,5,2,2,4,6,4,1,5,2,0,0,0,1,0,0,0,2,0,0,2,1,1,0,0,0,3,0,0,1,0,3,1,1,0,0,0,0,1,1,1,0,0,0,0,0,0,0,1,2,0,0,0,0,0,1,0,3
TCGA-FP-A4BF,1,1,0,1,0,0,0,0,0,0,1,1,2,2,1,2,1,1,0,0,0,1,0,0,1,0,0,0,0,0,0,0,1,1,11,1,2,3,13,1,0,2,19,1,3,5,7,1,0,0,3,0,0,0,1,1,1,1,0,0,0,0,0,0,2,2,0,1,2,1,1,2,0,2,0,1,0,1,1,2,0,0,0,1,0,0,0,2,0,0,0,1,0,2,0,2
TCGA-HF-7133,1,1,0,0,0,0,0,1,2,1,0,0,1,3,0,0,0,0,0,0,0,0,0,0,0,0,0,0,3,0,0,2,0,0,8,1,3,1,8,3,2,3,10,3,1,6,3,0,0,0,1,0,0,0,0,1,0,0,0,0,1,0,0,0,0,1,2,0,0,3,0,0,0,1,1,0,1,0,0,1,0,0,0,0,0,1,0,0,0,0,0,1,0,0,0,0
TCGA-HF-7136,3,6,0,3,0,3,0,1,1,0,1,0,1,0,0,0,0,0,0,0,0,1,1,0,0,0,1,0,0,0,0,3,1,1,6,1,0,0,10,0,1,1,10,0,2,1,4,1,0,1,2,0,1,0,0,0,0,1,0,1,0,0,0,1,0,0,0,0,0,0,1,1,1,1,0,0,0,0,0,0,0,0,0,1,0,0,0,1,0,0,1,2,0,0,0,1
TCGA-HU-8243,0,1,0,1,2,0,0,0,3,1,1,1,2,0,1,0,0,2,0,1,0,1,1,0,0,0,0,1,3,2,2,2,0,0,18,1,2,0,17,1,2,3,15,2,1,6,12,2,0,2,1,0,0,1,0,0,0,0,0,0,0,1,0,0,1,1,0,2,1,0,4,2,0,0,1,1,0,0,0,1,0,0,0,0,0,2,0,0,0,0,0,0,0,0,0,0
TCGA-HU-8249,0,1,0,1,2,1,0,1,3,0,1,0,3,3,0,3,0,1,0,0,1,1,0,0,0,0,0,0,1,1,0,6,0,3,16,2,1,1,22,1,2,3,25,1,0,2,11,7,0,1,0,3,0,0,1,0,0,1,0,0,0,1,0,1,1,1,1,4,0,0,1,2,1,0,0,1,0,0,2,2,1,0,0,0,0,0,1,1,0,0,0,0,2,0,0,3
TCGA-HU-8604,3,1,1,3,2,3,0,1,3,0,3,2,3,2,2,7,1,1,0,2,0,0,0,0,1,0,0,3,1,0,0,1,2,2,17,1,1,3,26,3,3,3,27,4,2,7,19,2,0,0,0,1,0,1,0,1,0,0,0,0,0,1,1,1,4,1,2,3,2,3,1,5,0,0,0,2,2,0,0,1,1,0,1,1,1,1,0,13,0,2,0,6,0,2,0,1
TCGA-HU-8610,0,1,0,0,1,1,0,0,1,0,1,0,1,0,0,2,0,0,0,0,0,1,1,1,0,0,0,0,0,0,0,1,1,2,6,0,0,1,7,0,1,1,11,0,3,2,8,1,0,0,1,1,0,1,0,0,0,0,0,0,0,0,0,0,1,0,0,0,0,1,1,0,0,0,0,1,1,0,0,0,0,0,0,0,0,0,0,3,0,0,0,1,0,0,0,1
TCGA-HU-A4G3,1,0,0,1,0,0,1,1,0,0,2,1,0,1,1,1,1,0,0,0,0,0,0,0,0,0,0,0,0,1,0,0,4,0,15,1,2,3,14,1,3,1,10,1,1,4,12,3,0,0,0,0,0,0,1,0,1,0,0,0,0,1,0,0,0,0,1,1,0,1,2,2,0,0,0,0,0,3,1,1,0,0,0,2,0,2,0,1,0,0,0,2,0,0,0,2
TCGA-HU-A4GC,0,0,0,0,1,0,1,0,0,3,0,5,0,2,1,0,0,1,0,2,0,0,0,0,1,0,0,0,0,0,0,2,0,2,25,1,2,1,17,1,4,3,25,3,3,3,15,1,0,1,0,1,0,0,2,1,1,0,0,0,0,0,0,0,2,2,3,2,0,2,1,5,0,0,1,1,1,2,2,0,0,0,0,1,0,0,0,5,0,0,0,0,0,1,0,1
TCGA-HU-A4GD,0,0,0,0,0,0,0,0,2,1,0,1,2,1,0,0,3,2,0,2,1,0,0,0,1,0,0,2,1,3,0,0,1,0,13,0,0,0,10,0,1,3,4,1,7,2,2,2,0,2,0,0,0,1,0,0,0,0,0,1,0,0,0,0,1,0,3,2,1,0,0,2,0,1,1,0,1,0,1,0,0,1,0,1,0,0,0,1,0,0,0,0,0,2,0,0
TCGA-HU-A4GF,1,1,0,0,0,0,3,2,1,2,0,0,3,1,2,1,1,0,0,0,1,1,1,1,0,0,0,1,1,0,0,0,1,0,10,0,1,1,9,3,3,4,17,1,4,1,10,2,0,1,0,0,0,2,1,3,0,0,0,0,0,0,0,2,6,1,1,6,0,0,3,3,1,2,0,1,1,1,1,0,1,0,0,1,0,0,0,6,0,0,0,0,1,0,2,3
TCGA-HU-A4GH,0,3,1,0,3,1,0,1,2,1,0,0,4,3,1,2,1,2,0,0,3,1,1,1,0,1,1,2,2,0,3,4,5,5,7,1,6,1,9,6,1,3,18,9,9,12,8,2,0,3,1,2,3,10,6,29,0,5,2,6,1,3,0,3,2,4,2,2,3,41,30,86,2,9,5,12,1,8,4,5,0,4,0,16,0,11,8,258,1,9,2,55,2,7,0,25
TCGA-HU-A4GP,3,1,0,4,3,2,1,0,7,1,0,5,2,2,0,5,0,2,0,0,1,1,1,1,0,0,1,1,1,0,0,2,2,2,20,2,3,1,19,3,2,2,25,3,2,3,15,6,2,1,1,1,3,1,4,2,0,0,1,1,0,0,0,1,0,3,1,1,1,3,1,2,1,0,2,1,0,2,1,0,0,0,0,2,0,0,0,2,2,0,0,2,0,0,0,0
TCGA-HU-A4GY,0,0,0,0,0,0,0,1,2,2,0,1,1,2,0,1,0,0,0,0,0,0,0,1,0,0,0,0,0,0,0,0,0,1,13,0,0,1,14,3,0,1,9,0,1,2,1,1,0,1,1,1,0,0,0,0,1,1,0,0,0,0,0,0,0,1,0,0,1,1,1,0,0,0,0,0,1,0,0,1,0,0,0,0,0,0,0,1,0,0,0,2,0,1,0,0
TCGA-HU-A4H2,3,0,0,2,2,1,1,3,2,3,2,3,0,1,1,0,1,0,0,2,0,0,0,1,0,2,0,0,0,0,0,0,2,1,19,3,4,1,17,3,2,2,19,2,4,6,10,3,0,2,1,2,0,0,2,3,0,0,0,2,1,0,0,1,1,2,2,2,0,2,3,5,2,1,1,0,1,1,1,1,0,0,0,0,0,1,2,9,0,0,0,2,0,2,1,1
TCGA-HU-A4H5,5,2,0,4,2,1,5,3,6,3,1,5,3,7,0,3,2,6,0,3,6,1,4,5,2,0,1,6,3,3,3,6,5,4,7,5,6,1,10,7,8,6,14,4,3,4,7,6,1,2,4,1,0,10,2,2,2,1,1,0,1,1,1,6,1,3,1,4,1,5,5,4,2,0,1,0,0,0,0,1,2,0,1,1,1,1,4,2,0,2,2,1,0,1,3,1
TCGA-HU-A4H6,1,1,0,0,0,0,0,1,1,2,2,0,0,0,0,0,0,1,0,0,0,0,0,0,0,1,0,0,0,0,1,1,5,3,22,2,0,2,11,3,1,1,11,1,1,3,6,1,0,0,0,1,0,0,0,0,0,0,1,0,0,0,1,1,0,0,0,1,0,1,2,1,0,0,0,1,0,0,0,0,0,0,0,0,0,1,1,2,0,0,0,0,0,1,0,1
TCGA-HU-A4HD,0,4,1,1,1,0,0,2,1,4,1,2,3,1,1,3,0,3,1,2,0,2,0,1,1,2,0,2,4,2,0,3,2,2,15,2,4,2,13,4,1,5,15,4,8,3,8,5,2,0,0,3,1,0,1,2,0,0,0,0,1,1,0,2,1,1,2,1,1,1,0,3,2,2,3,1,2,0,2,0,1,2,0,2,0,0,0,5,1,0,1,2,1,1,0,1
TCGA-IN-7806,1,2,0,0,1,0,0,0,1,1,1,0,0,1,1,2,0,0,0,0,0,0,0,1,0,1,0,0,0,0,0,0,1,3,9,2,0,1,10,1,2,0,7,0,5,1,2,4,0,0,1,0,1,0,0,0,0,0,0,1,1,1,0,0,2,1,0,1,1,1,0,0,0,3,1,2,2,0,0,0,0,0,0,0,0,0,1,1,0,0,0,0,1,0,0,0
TCGA-IN-7808,2,0,3,2,0,0,0,2,0,1,1,0,0,1,0,4,0,2,0,0,0,1,0,0,3,0,0,1,0,1,1,1,2,1,10,0,2,4,15,1,0,1,16,0,2,4,9,1,0,0,1,0,0,1,1,2,1,0,0,0,0,0,0,0,0,0,0,2,0,2,1,6,2,0,0,0,0,0,0,0,0,1,0,1,0,0,1,3,0,0,0,0,0,0,0,0
TCGA-IN-8462,2,2,0,1,3,0,1,3,4,1,1,1,3,3,3,1,1,0,0,0,0,1,0,0,1,0,0,0,0,0,2,2,0,2,14,1,3,0,13,3,1,2,11,1,2,1,7,3,0,0,0,0,3,0,0,0,0,0,0,1,0,0,0,0,1,1,2,0,0,0,2,2,2,0,1,0,1,0,0,1,0,0,0,1,0,2,1,4,0,0,0,1,0,0,0,0
TCGA-IN-8663,2,1,0,1,2,0,0,0,4,0,1,2,0,3,1,1,1,1,1,1,0,1,0,0,0,0,1,0,2,2,2,2,2,3,13,2,4,5,15,2,1,2,16,1,1,2,7,3,0,1,0,0,0,0,1,2,0,0,0,1,0,1,1,1,1,1,1,3,1,6,3,8,1,1,1,2,1,0,1,0,0,0,1,1,0,0,2,16,1,1,0,5,0,2,1,2
TCGA-IP-7968,0,0,0,0,0,1,0,0,3,1,1,1,3,1,0,1,0,0,0,1,0,0,0,0,0,1,0,0,0,0,0,3,1,0,16,4,1,3,21,0,4,1,18,2,3,3,8,1,0,0,1,0,0,3,1,1,0,1,0,0,0,0,2,0,0,1,0,1,0,0,2,0,0,0,0,0,0,1,2,0,0,0,0,0,0,0,0,4,0,0,0,0,0,0,0,0
